0	-0.699	-158.31186
0.01	-0.699	-159.39122
0.02	-0.69903	-158.36406
0.03	-0.69896	-159.62192
0.04	-0.69904	-159.2305
0.05	-0.699	-157.28087
0.06	-0.69901	-160.24833
0.07	-0.69902	-160.26537
0.08	-0.69898	-163.278
0.09	-0.69909	-159.41946
0.1	-0.69901	-156.53933
0.11	-0.69904	-156.41952
0.12	-0.699	-159.64189
0.13	-0.699	-159.90005
0.14	-0.69903	-162.79212
0.15	-0.69897	-161.93196
0.16	-0.69905	-160.29414
0.17	-0.69901	-158.93588
0.18	-0.69898	-156.58932
0.19	-0.69899	-159.73903
0.2	-0.69901	-164.55816
0.21	-0.69895	-161.91842
0.22	-0.699	-161.51172
0.23	-0.69902	-159.8645
0.24	-0.69898	-160.48701
0.25	-0.69898	-160.1186
0.26	-0.69896	-159.84415
0.27	-0.69896	-160.18565
0.28	-0.69895	-159.74126
0.29	-0.69905	-161.00762
0.3	-0.69897	-163.40462
0.31	-0.69897	-161.33208
0.32	-0.69898	-162.20908
0.33	-0.69896	-158.46358
0.34	-0.699	-160.10173
0.35	-0.69905	-159.42396
0.36	-0.699	-159.52772
0.37	-0.699	-156.58445
0.38	-0.69902	-156.85977
0.39	-0.69903	-157.76766
0.4	-0.69902	-156.92393
0.41	-0.69901	-157.18959
0.42	-0.699	-158.8012
0.43	-0.69901	-157.51579
0.44	-0.69901	-159.7829
0.45	-0.69904	-159.24392
0.46	-0.69901	-158.81338
0.47	-0.69903	-154.92606
0.474	-0.69904	-165.46063
0.484	-0.69898	-162.0059
0.494	-0.69897	-157.72009
0.504	-0.69897	-157.63155
0.514	-0.69898	-158.19461
0.524	-0.69901	-161.93331
0.534	-0.69899	-160.63593
0.544	-0.69901	-162.51117
0.554	-0.69896	-162.09525
0.564	-0.69903	-157.92523
0.574	-0.69899	-159.37715
0.584	-0.69904	-160.51921
0.594	-0.69901	-163.03379
0.604	-0.69903	-163.87936
0.6126	-0.69894	-153.13655
0.6136	-0.69903	-163.33105
0.6236	-0.69899	-161.982
0.6336	-0.69895	-159.58516
0.6436	-0.69898	-158.21003
0.6536	-0.69898	-158.69453
0.6636	-0.69901	-159.24876
0.6736	-0.69898	-158.55333
0.6836	-0.69896	-162.37354
0.6936	-0.69898	-159.34341
0.7036	-0.699	-158.71878
0.7136	-0.69899	-156.34721
0.7236	-0.69903	-158.34787
0.7336	-0.69897	-157.5164
0.7436	-0.69896	-156.78864
0.7536	-0.69902	-157.65555
0.7636	-0.69903	-160.2627
0.7736	-0.69897	-159.67041
0.7836	-0.699	-160.1876
0.7936	-0.699	-160.24205
0.8036	-0.69898	-162.21395
0.8136	-0.69902	-160.5648
0.8236	-0.69901	-160.04309
0.8336	-0.69901	-159.66462
0.8436	-0.699	-159.72705
0.8536	-0.69895	-161.62714
0.8636	-0.69898	-160.1215
0.8736	-0.69898	-158.76014
0.8836	-0.69897	-158.28469
0.8936	-0.69899	-158.88409
0.9036	-0.69902	-160.93978
0.9136	-0.699	-162.75585
0.9236	-0.69896	-162.45157
0.9336	-0.69898	-158.99855
0.9436	-0.69895	-160.05988
0.9536	-0.699	-162.08949
0.9636	-0.69896	-160.83386
0.9736	-0.69899	-162.29308
0.9836	-0.69901	-158.42005
0.9936	-0.699	-160.70582
1.0036	-0.69896	-159.11954
1.0136	-0.69899	-159.21448
1.0236	-0.69896	-161.03299
1.0336	-0.69896	-160.08967
1.0436	-0.69894	-160.54781
1.0536	-0.69901	-158.83107
1.0636	-0.69903	-156.96723
1.0736	-0.69898	-157.43542
1.0836	-0.69894	-156.52212
1.0936	-0.699	-158.04392
1.1036	-0.699	-158.02162
1.1136	-0.69902	-160.39057
1.1236	-0.69898	-157.55766
1.1336	-0.69902	-153.9414
1.1436	-0.69903	-154.94835
1.1536	-0.69902	-159.60516
1.1636	-0.69899	-159.93059
1.1736	-0.69898	-159.05586
1.1836	-0.69898	-159.905
1.1936	-0.69898	-158.96138
1.2036	-0.69899	-160.84863
1.2136	-0.69898	-160.25062
1.2236	-0.69894	-159.13756
1.2336	-0.699	-158.36953
1.2436	-0.69896	-156.40229
1.2536	-0.69898	-153.93273
1.2636	-0.69894	-158.61951
1.2736	-0.69898	-158.2236
1.2836	-0.69899	-158.13691
1.2936	-0.69898	-159.42202
1.3036	-0.69899	-161.05348
1.3136	-0.69902	-157.40777
1.3236	-0.69906	-159.81753
1.3336	-0.69898	-157.99475
1.3436	-0.69896	-156.21558
1.3536	-0.69901	-158.54641
1.3636	-0.69902	-159.64024
1.3736	-0.69902	-159.19723
1.3836	-0.69901	-158.53958
1.3936	-0.69906	-159.09316
1.4036	-0.69901	-159.83309
1.4136	-0.69897	-159.25974
1.4236	-0.69901	-158.60114
1.4336	-0.69904	-155.44792
1.4436	-0.69897	-158.00312
1.4536	-0.69896	-158.90583
1.4636	-0.69898	-157.47551
1.4736	-0.69896	-156.76355
1.4836	-0.69899	-157.19719
1.4936	-0.69894	-156.59225
1.5036	-0.699	-159.45024
1.5136	-0.69899	-158.0794
1.5236	-0.69897	-156.59832
1.5336	-0.69901	-157.49346
1.5436	-0.69897	-157.76533
1.5536	-0.69899	-156.91781
1.5636	-0.69898	-154.67823
1.5736	-0.69895	-155.31064
1.5836	-0.69904	-157.26569
1.5936	-0.69901	-157.78832
1.6036	-0.69897	-156.79973
1.6136	-0.69899	-158.99418
1.6236	-0.69901	-157.65121
1.6336	-0.69899	-156.99648
1.6436	-0.699	-157.3665
1.6536	-0.699	-157.3982
1.6636	-0.69902	-157.05776
1.6736	-0.69898	-156.63086
1.6836	-0.69901	-156.06368
1.6936	-0.699	-155.69002
1.7036	-0.69902	-156.96965
1.7136	-0.69904	-156.34222
1.7236	-0.69896	-159.95025
1.7336	-0.699	-157.69537
1.7436	-0.69897	-155.18872
1.7536	-0.69898	-154.54809
1.7636	-0.699	-156.9676
1.7736	-0.69898	-155.40579
1.7836	-0.69895	-157.27501
1.7936	-0.699	-157.98332
1.8036	-0.699	-158.04613
1.8136	-0.69898	-158.58595
1.8236	-0.69901	-158.46061
1.8336	-0.699	-157.06527
1.8436	-0.69903	-157.05051
1.8536	-0.69898	-158.59408
1.8636	-0.69902	-161.8867
1.8736	-0.69904	-160.91856
1.8836	-0.69901	-158.08473
1.8936	-0.69899	-156.25818
1.9036	-0.69899	-158.00001
1.9136	-0.69897	-160.40332
1.9236	-0.69904	-160.94958
1.9336	-0.69899	-161.2616
1.9436	-0.699	-158.87456
1.9536	-0.69899	-157.97671
1.9636	-0.699	-162.12229
1.9736	-0.69903	-157.34632
1.9836	-0.69896	-158.87017
1.9936	-0.69897	-158.21628
2.0036	-0.69901	-158.86793
2.0136	-0.69897	-157.68528
2.0236	-0.69896	-157.65701
2.0336	-0.69901	-157.07438
2.0436	-0.69898	-156.32565
2.0536	-0.69896	-155.49405
2.0636	-0.69901	-158.18968
2.0736	-0.69899	-159.40275
2.0836	-0.69898	-158.4034
2.0936	-0.69897	-157.45003
2.1036	-0.69901	-155.33328
2.1136	-0.69904	-155.38568
2.1236	-0.69898	-155.27517
2.1336	-0.69897	-156.44194
2.1436	-0.69899	-157.48711
2.1536	-0.69898	-157.92433
2.1636	-0.69897	-159.91233
2.1736	-0.69899	-157.07899
2.1836	-0.69901	-156.20004
2.1936	-0.699	-155.11567
2.2036	-0.69899	-157.19485
2.2136	-0.69898	-158.36864
2.2236	-0.69895	-155.66482
2.2336	-0.69896	-154.65056
2.2436	-0.69896	-156.11572
2.2536	-0.69896	-157.20724
2.2636	-0.69902	-159.77952
2.2736	-0.69901	-160.30509
2.2836	-0.69895	-156.73109
2.2936	-0.69902	-155.15418
2.3036	-0.69899	-155.70768
2.3136	-0.69897	-158.16119
2.3236	-0.69899	-157.2363
2.3336	-0.69902	-158.29355
2.3436	-0.69897	-158.40909
2.3536	-0.69904	-159.39827
2.3636	-0.69901	-161.33684
2.3736	-0.69897	-160.2598
2.3836	-0.69897	-157.64799
2.3936	-0.69899	-156.16357
2.4036	-0.69903	-159.50835
2.4136	-0.69897	-157.91113
2.4236	-0.69902	-158.63522
2.4336	-0.699	-157.73266
2.4436	-0.69903	-159.36922
2.4536	-0.69903	-158.72534
2.4636	-0.69899	-157.48573
2.4736	-0.69903	-155.28843
2.4836	-0.69899	-157.48637
2.4936	-0.69896	-161.06532
2.5036	-0.69896	-158.43355
2.5136	-0.69904	-159.49712
2.5236	-0.699	-160.36661
2.5336	-0.69899	-157.71961
2.5436	-0.69898	-159.5493
2.5536	-0.69897	-160.57939
2.5636	-0.69896	-160.31649
2.5736	-0.699	-158.11041
2.5836	-0.69901	-155.9314
2.5936	-0.69901	-156.60439
2.6036	-0.69896	-158.71603
2.6136	-0.69899	-157.8906
2.6236	-0.69895	-157.09792
2.6336	-0.69898	-154.85929
2.6436	-0.69893	-156.82024
2.6536	-0.69899	-158.04511
2.6636	-0.69903	-155.69715
2.6736	-0.69897	-154.4724
2.6836	-0.69896	-157.36761
2.6936	-0.69899	-153.5762
2.7036	-0.69903	-155.47401
2.7136	-0.69904	-157.52754
2.7236	-0.69901	-154.95408
2.7336	-0.69897	-156.6586
2.7436	-0.69894	-157.31045
2.7536	-0.69893	-155.5329
2.7636	-0.69895	-156.98839
2.7736	-0.69897	-157.57516
2.7836	-0.69895	-156.44829
2.7936	-0.69899	-159.84109
2.8036	-0.69899	-158.77367
2.8136	-0.69904	-158.05013
2.8236	-0.69897	-155.04679
2.8336	-0.69903	-154.63547
2.8436	-0.69898	-155.48245
2.8536	-0.69895	-158.8821
2.8636	-0.69898	-157.81411
2.8736	-0.69899	-157.98096
2.8836	-0.69899	-156.72499
2.8936	-0.69901	-154.78003
2.9036	-0.69896	-155.94044
2.9136	-0.69896	-154.52797
2.9236	-0.69898	-155.48132
2.9336	-0.69901	-156.73868
2.9436	-0.69899	-158.11213
2.9536	-0.69899	-156.99494
2.9636	-0.69901	-154.9075
2.9736	-0.69898	-156.27558
2.9836	-0.69899	-154.46989
2.9936	-0.69898	-156.37882
3.0036	-0.699	-153.53797
3.0136	-0.69894	-154.90083
3.0236	-0.699	-156.84101
3.0336	-0.699	-155.62198
3.0436	-0.69898	-155.88692
3.0536	-0.69897	-156.78957
3.0636	-0.69901	-155.48308
3.0736	-0.69898	-154.00211
3.0836	-0.69903	-155.98324
3.0936	-0.69897	-157.19104
3.1036	-0.699	-161.0566
3.1044	-0.69901	-150.74774
3.1078	-0.69899	-161.11485
3.1178	-0.69903	-161.47554
3.1278	-0.69899	-160.26654
3.1378	-0.69894	-158.2015
3.1478	-0.69901	-157.71123
3.1578	-0.69902	-154.41962
3.1678	-0.69901	-156.72396
3.1778	-0.69898	-157.64626
3.1878	-0.69899	-158.12867
3.1978	-0.69898	-157.19007
3.2078	-0.69898	-158.47117
3.2178	-0.69898	-156.88769
3.2278	-0.69897	-156.86044
3.2378	-0.69898	-154.76206
3.2478	-0.69897	-155.49422
3.2578	-0.69903	-155.16977
3.2678	-0.69901	-155.73993
3.2778	-0.699	-155.7428
3.2878	-0.69899	-155.03535
3.2978	-0.69898	-154.39585
3.3078	-0.69892	-155.50245
3.3178	-0.69901	-157.1095
3.3278	-0.69899	-154.47471
3.3378	-0.69902	-153.82467
3.3478	-0.69901	-154.57535
3.3578	-0.69899	-154.43428
3.3678	-0.69898	-155.40401
3.3778	-0.699	-158.85466
3.3878	-0.69898	-157.43855
3.3978	-0.69901	-157.36411
3.4078	-0.69896	-160.01856
3.4178	-0.69898	-158.62459
3.4278	-0.69893	-154.59088
3.4378	-0.69901	-155.28292
3.4478	-0.69895	-156.86396
3.4578	-0.69899	-161.33835
3.4678	-0.69897	-161.02798
3.4778	-0.69896	-159.69783
3.4878	-0.69894	-158.98634
3.4978	-0.69902	-156.3496
3.5078	-0.69897	-156.96354
3.5178	-0.69901	-157.95702
3.5278	-0.69899	-159.33921
3.5378	-0.69903	-157.68192
3.5478	-0.69904	-158.89174
3.5578	-0.69902	-158.23548
3.5678	-0.69905	-160.02107
3.5778	-0.69897	-158.49139
3.5878	-0.69897	-159.0643
3.5978	-0.69903	-156.87411
3.6078	-0.699	-156.49518
3.6178	-0.69895	-156.96006
3.6278	-0.69898	-158.44093
3.6378	-0.69898	-156.43626
3.6478	-0.69898	-152.74816
3.6578	-0.69901	-152.73163
3.6678	-0.69898	-155.6003
3.6778	-0.69907	-154.63267
3.6878	-0.699	-154.75199
3.6978	-0.69897	-155.81679
3.7078	-0.699	-154.81879
3.7178	-0.69896	-158.42275
3.7278	-0.69896	-156.38973
3.7378	-0.69897	-152.35436
3.7478	-0.69899	-154.55736
3.7578	-0.69899	-155.90521
3.7678	-0.69903	-156.29952
3.7778	-0.69897	-155.84551
3.7878	-0.69897	-155.34413
3.7978	-0.69898	-155.96518
3.8078	-0.69903	-159.1624
3.8178	-0.699	-155.12994
3.8278	-0.69896	-155.38592
3.8378	-0.69901	-157.266
3.8478	-0.69896	-157.07833
3.8578	-0.699	-156.86777
3.8678	-0.69901	-157.43618
3.8778	-0.69896	-157.22004
3.8878	-0.69901	-158.51023
3.8978	-0.69896	-158.88529
3.9078	-0.69895	-156.82797
3.9178	-0.69901	-158.06573
3.9278	-0.69895	-159.69505
3.9378	-0.69899	-157.83409
3.9478	-0.69898	-157.22584
3.9578	-0.69901	-156.55165
3.9678	-0.69899	-157.02057
3.9778	-0.69903	-158.99883
3.9878	-0.699	-157.02616
3.9978	-0.699	-156.19828
4.0078	-0.69905	-156.89746
4.0178	-0.699	-153.52416
4.0278	-0.699	-155.24014
4.0378	-0.69898	-154.4219
4.0478	-0.69896	-157.36433
4.0578	-0.69897	-158.98243
4.0678	-0.69904	-157.8929
4.0778	-0.69902	-154.66782
4.0878	-0.699	-155.28423
4.0978	-0.69901	-154.71254
4.1078	-0.69897	-158.0259
4.1178	-0.69896	-157.29381
4.1278	-0.69901	-159.13027
4.1378	-0.699	-156.08479
4.1478	-0.69897	-155.08033
4.1578	-0.69901	-152.92996
4.1678	-0.69899	-151.68663
4.1688	-0.69899	-161.92821
4.1788	-0.69904	-158.48651
4.1888	-0.69898	-156.39175
4.1988	-0.69895	-156.02784
4.2088	-0.69902	-160.93293
4.2188	-0.69897	-158.43113
4.2288	-0.69902	-157.14794
4.2388	-0.69902	-155.43853
4.2488	-0.69903	-155.68602
4.2588	-0.69896	-156.59016
4.2688	-0.69899	-157.93358
4.2788	-0.69903	-156.13588
4.2888	-0.69901	-157.93084
4.2988	-0.69901	-155.69225
4.3088	-0.69895	-153.22496
4.3188	-0.699	-155.86298
4.3288	-0.69901	-158.02439
4.3388	-0.69901	-157.12644
4.3488	-0.69903	-156.92723
4.3588	-0.69899	-155.14352
4.3688	-0.69897	-159.13488
4.3788	-0.69896	-157.67969
4.3888	-0.69901	-156.01557
4.3988	-0.69902	-159.39423
4.4088	-0.69898	-160.40725
4.4188	-0.69893	-156.88936
4.4288	-0.699	-154.72702
4.4388	-0.69899	-154.84461
4.4488	-0.69905	-155.81965
4.4588	-0.69901	-156.67783
4.4688	-0.69901	-156.47758
4.4788	-0.69901	-157.66322
4.4888	-0.69897	-157.06188
4.4988	-0.69898	-157.12223
4.5088	-0.69901	-158.35772
4.5188	-0.69899	-156.8588
4.5288	-0.69896	-156.49366
4.5388	-0.69898	-153.99797
4.5488	-0.69902	-153.76567
4.5588	-0.699	-150.12438
4.5598	-0.69896	-160.48982
4.5698	-0.69898	-160.55414
4.5798	-0.69899	-157.16805
4.5898	-0.69899	-155.1246
4.5998	-0.69897	-157.91397
4.6098	-0.699	-160.59144
4.6198	-0.69899	-159.22589
4.6298	-0.69907	-156.64469
4.6398	-0.69902	-157.53238
4.6498	-0.69903	-155.17057
4.6598	-0.69902	-155.66309
4.6698	-0.69898	-155.34515
4.6798	-0.69895	-158.00229
4.6898	-0.69898	-159.37496
4.6998	-0.69901	-158.49788
4.7098	-0.69897	-156.36842
4.7198	-0.699	-157.42181
4.7298	-0.69901	-155.48682
4.7398	-0.69898	-155.49786
4.7498	-0.69901	-158.23973
4.7598	-0.69898	-155.48552
4.7698	-0.69898	-156.05795
4.7798	-0.69904	-158.19948
4.7898	-0.69902	-155.44032
4.7998	-0.69898	-155.13709
4.8098	-0.69901	-154.85038
4.8198	-0.69901	-155.76705
4.8298	-0.69902	-157.34244
4.8398	-0.69903	-155.93915
4.8498	-0.69896	-156.54388
4.8598	-0.69905	-156.8886
4.8698	-0.699	-156.19383
4.8798	-0.69902	-159.53206
4.8898	-0.69897	-154.88679
4.8998	-0.699	-154.6028
4.9098	-0.69899	-155.32869
4.9198	-0.69901	-155.40095
4.9298	-0.699	-158.76843
4.9398	-0.69901	-158.03876
4.9498	-0.69894	-155.56894
4.9598	-0.69901	-156.40141
4.9698	-0.69899	-157.29651
4.9798	-0.69902	-154.64911
4.9898	-0.69901	-156.1224
4.9998	-0.69904	-155.19068
5.0098	-0.69896	-154.49065
5.0198	-0.69901	-157.32471
5.0298	-0.69903	-159.00176
5.0398	-0.69902	-159.43938
5.0498	-0.69899	-158.17567
5.0598	-0.69898	-154.88442
5.0698	-0.69899	-153.47115
5.0798	-0.69899	-155.9377
5.0898	-0.69902	-157.01046
5.0998	-0.69901	-155.42463
5.1098	-0.69898	-156.73417
5.1198	-0.69907	-156.46707
5.1298	-0.69898	-156.28221
5.1398	-0.69901	-156.85566
5.1498	-0.69901	-154.92131
5.1598	-0.699	-153.67051
5.1698	-0.699	-154.88001
5.1798	-0.69897	-156.88686
5.1898	-0.69899	-155.43685
5.1998	-0.69902	-159.09123
5.2098	-0.69904	-158.18296
5.2198	-0.69898	-157.28087
5.2298	-0.69906	-157.63919
5.2398	-0.69898	-157.03429
5.2498	-0.69897	-156.97111
5.2598	-0.69898	-157.15734
5.2698	-0.69898	-156.53703
5.2798	-0.69901	-154.78264
5.2898	-0.69898	-156.34728
5.2998	-0.69899	-155.93601
5.3098	-0.69898	-155.28605
5.3198	-0.69899	-157.68052
5.3298	-0.69901	-158.59669
5.3398	-0.69903	-155.92852
5.3498	-0.69896	-158.35828
5.3598	-0.699	-155.58784
5.3698	-0.69898	-157.20993
5.3798	-0.69903	-158.11894
5.3898	-0.69901	-157.40721
5.3998	-0.69899	-157.16945
5.4098	-0.69905	-156.67094
5.4198	-0.69896	-156.35348
5.4298	-0.69898	-157.27638
5.4398	-0.69896	-159.55611
5.4498	-0.69906	-159.6445
5.4598	-0.69905	-162.8343
5.461	-0.69896	-151.02579
5.4624	-0.699	-161.9394
5.4636	-0.699	-151.91245
5.4698	-0.69901	-162.37628
5.4708	-0.69901	-151.80409
5.4808	-0.69905	-155.27664
5.4908	-0.699	-157.53139
5.5008	-0.69904	-159.08196
5.5108	-0.69902	-155.09802
5.5208	-0.69899	-155.36983
5.5308	-0.69898	-155.6545
5.5408	-0.69899	-156.22564
5.5508	-0.69902	-157.5449
5.5608	-0.69899	-158.50965
5.5708	-0.69902	-160.66296
5.5808	-0.69898	-157.4919
5.5908	-0.69896	-156.81881
5.6008	-0.69903	-157.21245
5.6108	-0.69898	-156.38891
5.6208	-0.69902	-157.203
5.6308	-0.69903	-155.28862
5.6408	-0.69902	-154.0825
5.6508	-0.69897	-155.75539
5.6608	-0.69901	-157.46154
5.6708	-0.69899	-159.49655
5.6808	-0.699	-158.61922
5.6908	-0.69899	-155.89659
5.7008	-0.69901	-154.19765
5.7108	-0.699	-156.12802
5.7208	-0.69901	-154.24544
5.7308	-0.69898	-154.26906
5.7408	-0.69899	-156.74368
5.7508	-0.69899	-156.85174
5.7608	-0.699	-159.70024
5.7708	-0.69901	-156.98969
5.7808	-0.69899	-156.40451
5.7908	-0.699	-153.21483
5.8008	-0.699	-155.74359
5.8108	-0.699	-154.15894
5.8208	-0.69903	-156.48138
5.8308	-0.69897	-157.0024
5.8408	-0.69903	-154.24527
5.8508	-0.69901	-154.66031
5.8608	-0.69899	-156.10789
5.8708	-0.69899	-155.36689
5.8808	-0.69899	-155.5655
5.8908	-0.69899	-156.30098
5.9008	-0.69904	-155.51166
5.9108	-0.69905	-154.29372
5.9208	-0.69896	-153.04644
5.9308	-0.69902	-156.77945
5.9408	-0.69899	-157.40382
5.9508	-0.69901	-157.68053
5.9608	-0.69902	-155.17855
5.9708	-0.69902	-154.09933
5.9808	-0.69901	-155.97185
5.9908	-0.69898	-156.14732
6.0008	-0.69898	-159.02293
6.0108	-0.69899	-156.51285
6.0208	-0.69904	-154.17166
6.0308	-0.69903	-155.40066
6.0408	-0.69903	-153.42955
6.0508	-0.69901	-155.23038
6.0608	-0.69899	-157.30171
6.0708	-0.69902	-157.34621
6.0808	-0.69902	-155.27382
6.0908	-0.69896	-153.95483
6.1008	-0.69898	-154.08664
6.1108	-0.69902	-156.85232
6.1208	-0.69901	-158.79476
6.1308	-0.69899	-158.26159
6.1408	-0.69899	-158.83029
6.1508	-0.69899	-157.55782
6.1608	-0.69898	-156.60136
6.1708	-0.69904	-156.76719
6.1808	-0.69898	-157.2056
6.1908	-0.69904	-158.07494
6.2008	-0.69903	-160.095
6.2108	-0.69896	-157.71118
6.2208	-0.69898	-159.03517
6.2308	-0.69901	-158.21847
6.2408	-0.699	-157.70583
6.2508	-0.69904	-159.57794
6.2608	-0.69899	-158.2746
6.2708	-0.69896	-158.53523
6.2808	-0.69895	-156.33731
6.2908	-0.69907	-156.62556
6.3008	-0.69909	-155.51302
6.3108	-0.69901	-155.12261
6.3208	-0.69906	-152.83013
6.3308	-0.69898	-154.2501
6.3408	-0.699	-156.95795
6.3508	-0.69901	-156.95734
6.3608	-0.69905	-157.42309
6.3708	-0.69904	-153.89782
6.3808	-0.69901	-154.162
6.3908	-0.69901	-152.84027
6.4008	-0.69897	-153.91286
6.4108	-0.69899	-155.07979
6.4208	-0.69904	-153.3955
6.4308	-0.69905	-154.04123
6.4408	-0.69905	-155.15563
6.4508	-0.69898	-154.84784
6.4608	-0.699	-152.79294
6.4708	-0.69904	-155.76623
6.4808	-0.699	-156.39125
6.4908	-0.69902	-158.36241
6.5008	-0.69904	-156.32298
6.5108	-0.69898	-154.45218
6.5208	-0.69902	-154.5301
6.5308	-0.69904	-155.0863
6.5408	-0.69902	-156.47913
6.5508	-0.69899	-154.0936
6.5608	-0.69902	-156.18316
6.5708	-0.69898	-159.9675
6.5808	-0.69903	-157.20541
6.5908	-0.69901	-157.75792
6.6008	-0.69899	-158.28124
6.6108	-0.69903	-161.79101
6.612	-0.69905	-151.04234
6.618	-0.699	-161.18372
6.628	-0.69896	-157.56132
6.638	-0.69907	-157.10941
6.648	-0.69901	-154.29828
6.658	-0.69899	-157.05066
6.668	-0.69902	-156.46378
6.678	-0.69899	-158.47972
6.688	-0.69896	-154.58228
6.698	-0.69901	-156.22318
6.708	-0.69898	-156.34426
6.718	-0.69901	-152.44113
6.728	-0.69901	-152.71483
6.738	-0.69899	-153.69685
6.748	-0.69899	-155.10534
6.758	-0.69899	-156.69885
6.768	-0.69901	-156.10757
6.778	-0.69901	-156.33016
6.788	-0.69901	-157.27376
6.798	-0.69899	-159.76291
6.808	-0.69899	-156.83823
6.818	-0.69898	-155.47239
6.828	-0.69901	-156.22828
6.838	-0.69897	-157.19657
6.848	-0.69902	-155.56495
6.858	-0.69897	-155.77284
6.868	-0.69896	-154.87061
6.878	-0.69903	-155.23956
6.888	-0.69898	-153.28966
6.898	-0.69901	-151.33584
6.908	-0.69899	-152.36618
6.918	-0.69902	-153.2626
6.928	-0.699	-156.04688
6.938	-0.699	-155.98611
6.948	-0.69903	-155.9475
6.958	-0.69901	-154.68072
6.968	-0.699	-154.41543
6.978	-0.69899	-154.1254
6.988	-0.699	-153.86306
6.998	-0.69897	-156.73983
7.008	-0.69903	-159.61214
7.018	-0.69902	-157.66147
7.028	-0.69899	-157.04526
7.038	-0.69903	-154.51074
7.048	-0.699	-155.02214
7.058	-0.69901	-152.16831
7.068	-0.69902	-156.32233
7.078	-0.69901	-158.4127
7.088	-0.69904	-156.71716
7.098	-0.69899	-152.44676
7.108	-0.69905	-152.15403
7.118	-0.69902	-153.19078
7.128	-0.69901	-152.12413
7.138	-0.69899	-158.20457
7.148	-0.69901	-157.22098
7.158	-0.69901	-157.24082
7.168	-0.69894	-158.22037
7.178	-0.69901	-157.57047
7.188	-0.699	-158.19134
7.198	-0.699	-155.31725
7.208	-0.69903	-157.45204
7.218	-0.69898	-156.48018
7.228	-0.69899	-157.06371
7.238	-0.69903	-157.94527
7.248	-0.69897	-156.95105
7.258	-0.69902	-154.86438
7.268	-0.69899	-154.71525
7.278	-0.69898	-152.81739
7.288	-0.69901	-155.52793
7.298	-0.69898	-157.63941
7.308	-0.69895	-158.37024
7.318	-0.69901	-154.58014
7.328	-0.69901	-157.32336
7.338	-0.69899	-156.40234
7.348	-0.69904	-153.54509
7.358	-0.69903	-152.36434
7.368	-0.69901	-151.65199
7.378	-0.69897	-154.45313
7.388	-0.69904	-155.62917
7.398	-0.69901	-158.10174
7.408	-0.69902	-155.25137
7.418	-0.69903	-155.97115
7.428	-0.69898	-156.63581
7.438	-0.69901	-155.57562
7.448	-0.69902	-153.13063
7.458	-0.69904	-152.98966
7.468	-0.699	-156.30356
7.478	-0.69902	-158.87889
7.488	-0.69905	-156.56018
7.498	-0.69898	-153.59302
7.508	-0.69899	-153.52038
7.518	-0.69903	-151.95278
7.528	-0.69899	-153.66709
7.538	-0.69903	-154.5024
7.548	-0.69898	-154.92674
7.558	-0.69904	-155.36904
7.568	-0.69898	-159.44433
7.578	-0.69901	-157.29199
7.588	-0.69903	-157.3024
7.598	-0.69898	-154.43911
7.608	-0.69896	-153.25938
7.618	-0.69901	-155.48198
7.628	-0.699	-155.14418
7.638	-0.69899	-154.68228
7.648	-0.69895	-153.90211
7.658	-0.69901	-154.58265
7.668	-0.69897	-154.60557
7.678	-0.69896	-157.42917
7.688	-0.69901	-154.28982
7.698	-0.69903	-155.52449
7.708	-0.69893	-156.15377
7.718	-0.699	-157.353
7.728	-0.69899	-156.95522
7.738	-0.69901	-156.71796
7.748	-0.69903	-153.8
7.758	-0.699	-155.26221
7.768	-0.69903	-157.81004
7.778	-0.69904	-157.74148
7.788	-0.69896	-154.50935
7.798	-0.69899	-155.47326
7.808	-0.69897	-152.25706
7.818	-0.69895	-153.45339
7.828	-0.69901	-156.46008
7.838	-0.69903	-154.38989
7.848	-0.69894	-156.09855
7.858	-0.69903	-155.86465
7.868	-0.699	-156.62327
7.878	-0.69901	-158.19722
7.888	-0.69899	-157.50382
7.898	-0.69899	-152.46681
7.908	-0.69898	-155.43361
7.918	-0.69898	-154.31586
7.928	-0.69899	-155.20352
7.938	-0.69901	-154.51484
7.948	-0.69899	-154.97302
7.958	-0.69903	-154.17051
7.968	-0.69903	-157.17139
7.978	-0.69902	-156.22541
7.988	-0.69898	-154.3133
7.998	-0.69898	-154.17108
8.008	-0.699	-154.02351
8.018	-0.69906	-154.23601
8.028	-0.69897	-155.27371
8.038	-0.69901	-156.48142
8.048	-0.69898	-156.31342
8.058	-0.69898	-155.82519
8.068	-0.69897	-156.1927
8.078	-0.69895	-155.9436
8.088	-0.69903	-156.66512
8.098	-0.69904	-156.81273
8.108	-0.69898	-156.15835
8.118	-0.69904	-155.38467
8.128	-0.69899	-153.97734
8.138	-0.69898	-155.12995
8.148	-0.69902	-156.49746
8.158	-0.69901	-157.05646
8.168	-0.69897	-158.37438
8.178	-0.69901	-156.97195
8.188	-0.69898	-156.69256
8.198	-0.69901	-154.30855
8.208	-0.699	-156.58983
8.218	-0.69899	-156.48905
8.228	-0.69906	-157.03407
8.238	-0.69901	-155.52044
8.248	-0.69902	-154.3804
8.258	-0.69899	-151.9247
8.268	-0.699	-153.22547
8.278	-0.69899	-153.75282
8.288	-0.69897	-155.80815
8.298	-0.699	-153.10552
8.308	-0.69901	-153.32398
8.318	-0.69903	-156.71121
8.328	-0.69901	-154.14392
8.338	-0.69898	-153.5723
8.348	-0.69904	-151.35693
8.358	-0.69901	-156.96219
8.368	-0.69906	-155.54717
8.378	-0.69903	-157.1579
8.388	-0.69898	-154.09078
8.398	-0.69896	-156.20108
8.408	-0.699	-154.99491
8.418	-0.69901	-154.30163
8.428	-0.69903	-155.6177
8.438	-0.69898	-152.47228
8.448	-0.69905	-155.1131
8.458	-0.69904	-154.92462
8.468	-0.69901	-153.22362
8.478	-0.69902	-152.11361
8.488	-0.69899	-154.52611
8.498	-0.69903	-158.85661
8.508	-0.69899	-158.03974
8.518	-0.69902	-155.90966
8.528	-0.69901	-155.62216
8.538	-0.69902	-152.14574
8.548	-0.699	-152.94326
8.558	-0.69907	-153.9595
8.568	-0.69902	-156.80858
8.578	-0.69899	-155.20946
8.588	-0.69899	-155.31658
8.598	-0.69901	-155.66614
8.608	-0.69899	-153.52329
8.618	-0.69903	-155.30378
8.628	-0.69895	-158.02856
8.638	-0.699	-155.64105
8.648	-0.69901	-156.66565
8.658	-0.69902	-154.74431
8.668	-0.69898	-155.12593
8.678	-0.69904	-157.12591
8.688	-0.69904	-156.70841
8.698	-0.69904	-156.7446
8.708	-0.69899	-153.69352
8.718	-0.69901	-154.2212
8.728	-0.699	-153.18039
8.738	-0.69899	-153.9821
8.748	-0.69902	-156.89926
8.758	-0.69899	-156.61989
8.768	-0.69905	-156.95915
8.778	-0.69905	-155.69701
8.788	-0.69897	-152.56839
8.798	-0.69898	-157.62804
8.808	-0.69902	-156.91634
8.818	-0.69902	-155.90605
8.828	-0.69904	-155.77335
8.838	-0.69898	-155.49617
8.848	-0.69897	-156.69671
8.858	-0.69902	-155.87743
8.868	-0.69899	-157.39143
8.878	-0.69899	-154.9907
8.888	-0.69902	-155.62136
8.898	-0.69906	-155.26287
8.908	-0.69902	-154.53516
8.918	-0.69899	-155.95944
8.928	-0.69907	-157.58486
8.938	-0.69904	-155.36908
8.948	-0.69902	-155.73517
8.958	-0.69904	-157.73206
8.968	-0.69901	-161.19581
8.9738	-0.69898	-150.78862
8.9838	-0.69895	-152.97388
8.9938	-0.69896	-157.12398
9.0038	-0.69898	-156.02552
9.0138	-0.69898	-155.41802
9.0238	-0.69897	-155.75765
9.0338	-0.69906	-155.60434
9.0438	-0.69908	-157.38189
9.0538	-0.69898	-155.24729
9.0638	-0.69905	-154.50964
9.0738	-0.69903	-152.15724
9.0838	-0.69903	-155.58675
9.0938	-0.69896	-159.05205
9.1038	-0.69899	-157.13563
9.1138	-0.69904	-155.09249
9.1238	-0.699	-152.90864
9.1338	-0.69902	-154.22305
9.1438	-0.69903	-153.48886
9.1538	-0.69898	-152.9548
9.1638	-0.69899	-154.08898
9.1738	-0.69901	-151.68298
9.1838	-0.69901	-151.47664
9.1904	-0.69903	-161.63669
9.2004	-0.69901	-157.36127
9.2104	-0.69901	-157.75892
9.2204	-0.69898	-158.07355
9.2304	-0.69898	-159.04261
9.2404	-0.69903	-160.35311
9.249	-0.69895	-149.49114
9.2502	-0.699	-159.90966
9.2542	-0.699	-149.15314
9.2604	-0.69902	-159.97693
9.2704	-0.699	-158.51498
9.2804	-0.69897	-156.38362
9.2904	-0.69899	-154.92381
9.3004	-0.69903	-156.16544
9.3104	-0.69902	-156.81354
9.3204	-0.69906	-155.392
9.3304	-0.69899	-156.80079
9.3404	-0.69898	-158.01893
9.3504	-0.69903	-157.63041
9.3604	-0.69904	-154.12455
9.3704	-0.69901	-151.70802
9.3804	-0.69901	-154.61703
9.3904	-0.69903	-155.13054
9.4004	-0.699	-154.59702
9.4104	-0.69903	-155.57342
9.4204	-0.69905	-156.2547
9.4304	-0.69899	-156.29907
9.4404	-0.69902	-157.33764
9.4504	-0.69898	-153.9114
9.4604	-0.69897	-153.25453
9.4704	-0.69899	-152.81135
9.4804	-0.69901	-153.79717
9.4904	-0.69898	-152.44883
9.5004	-0.69898	-155.3922
9.5104	-0.69899	-157.53947
9.5204	-0.69898	-156.85632
9.5304	-0.699	-156.06541
9.5404	-0.69898	-156.13765
9.5504	-0.69902	-154.87045
9.5604	-0.69901	-155.44168
9.5704	-0.69897	-155.62034
9.5804	-0.69896	-155.73052
9.5904	-0.69897	-154.63888
9.6004	-0.69903	-157.76286
9.6104	-0.69901	-157.17627
9.6204	-0.69899	-155.82269
9.6304	-0.69903	-154.1527
9.6404	-0.69902	-153.96031
9.6504	-0.69902	-155.14163
9.6604	-0.69901	-154.98108
9.6704	-0.69899	-157.13678
9.6804	-0.69903	-158.10035
9.6904	-0.69899	-156.31349
9.7004	-0.69903	-155.64029
9.7104	-0.69902	-155.17118
9.7204	-0.69901	-156.40472
9.7304	-0.69898	-157.2963
9.7404	-0.69902	-156.40178
9.7504	-0.699	-152.72748
9.7604	-0.69898	-155.13444
9.7704	-0.69901	-154.93936
9.7804	-0.69899	-157.15823
9.7904	-0.69904	-154.7844
9.8004	-0.699	-153.66963
9.8104	-0.69902	-156.57768
9.8204	-0.69895	-158.01163
9.8304	-0.69895	-157.79356
9.8404	-0.69902	-154.10201
9.8504	-0.69901	-154.26784
9.8604	-0.699	-152.15412
9.8704	-0.69897	-152.61728
9.8804	-0.69897	-154.80701
9.8904	-0.69899	-158.59946
9.9004	-0.69899	-159.76339
9.9066	-0.699	-149.26016
9.9078	-0.69897	-159.84713
9.9116	-0.69903	-149.17531
9.9128	-0.69901	-159.92383
9.9228	-0.69896	-156.86683
9.9328	-0.69896	-153.02831
9.9428	-0.69901	-151.7287
9.9528	-0.69899	-153.92671
9.9628	-0.69902	-157.19559
9.9728	-0.69903	-160.46191
9.9828	-0.69905	-157.42947
9.9928	-0.699	-155.23187
10.0028	-0.69901	-154.14551
10.0128	-0.69899	-155.49004
10.0228	-0.69902	-158.7359
10.0328	-0.69902	-158.1795
10.0428	-0.69898	-154.11864
10.0528	-0.69901	-156.38618
10.0628	-0.699	-155.67728
10.0728	-0.69901	-158.92896
10.0828	-0.69898	-159.18026
10.0928	-0.69903	-157.4865
10.1028	-0.69904	-156.80571
10.1128	-0.69899	-158.77201
10.1228	-0.699	-156.86254
10.1328	-0.69899	-154.52706
10.1428	-0.699	-156.47055
10.1528	-0.69902	-153.88972
10.1628	-0.69901	-153.74091
10.1728	-0.69901	-154.87143
10.1828	-0.69898	-155.0559
10.1928	-0.69903	-155.2941
10.2028	-0.69903	-155.5499
10.2128	-0.69903	-157.44433
10.2228	-0.69901	-154.78616
10.2328	-0.69901	-154.44236
10.2428	-0.69899	-153.09678
10.2528	-0.69902	-153.35632
10.2628	-0.69899	-152.97607
10.2728	-0.69895	-157.1742
10.2828	-0.69898	-156.74281
10.2928	-0.69897	-154.58299
10.3028	-0.69901	-156.79011
10.3128	-0.69899	-155.89586
10.3228	-0.69901	-155.83676
10.3328	-0.699	-152.96057
10.3428	-0.69897	-153.48274
10.3528	-0.69901	-156.30415
10.3628	-0.699	-157.3963
10.3728	-0.69899	-156.38673
10.3828	-0.69902	-158.21824
10.3928	-0.69898	-156.2929
10.4028	-0.69897	-152.54621
10.4128	-0.699	-150.57097
10.4228	-0.69903	-153.10422
10.4328	-0.69904	-156.31277
10.4428	-0.69897	-158.30058
10.4528	-0.69903	-154.57231
10.4628	-0.69896	-155.04708
10.4728	-0.69902	-156.25527
10.4828	-0.69895	-157.70868
10.4928	-0.69899	-157.26779
10.5028	-0.69901	-158.52052
10.5128	-0.69896	-158.07471
10.5228	-0.69901	-157.16408
10.5328	-0.69898	-158.66387
10.5428	-0.69896	-155.9217
10.5528	-0.69899	-158.0942
10.5628	-0.69904	-154.5737
10.5728	-0.69898	-154.2401
10.5828	-0.699	-155.68143
10.5928	-0.69904	-155.32669
10.6028	-0.69901	-155.02259
10.6128	-0.69898	-157.56311
10.6228	-0.69898	-155.38551
10.6328	-0.69902	-153.54176
10.6428	-0.69903	-152.32334
10.6528	-0.69901	-154.88472
10.6628	-0.69899	-152.53198
10.6728	-0.699	-154.402
10.6828	-0.69901	-153.93114
10.6928	-0.69898	-156.90829
10.7028	-0.69898	-156.80178
10.7128	-0.69901	-154.3289
10.7228	-0.69902	-153.1903
10.7328	-0.699	-154.40973
10.7428	-0.69899	-155.87959
10.7528	-0.699	-153.96441
10.7628	-0.69903	-155.79967
10.7728	-0.69901	-153.69235
10.7828	-0.69898	-155.71902
10.7928	-0.69899	-155.98869
10.8028	-0.69901	-155.84371
10.8128	-0.69898	-156.15626
10.8228	-0.69902	-154.56364
10.8328	-0.699	-155.01992
10.8428	-0.69902	-155.17669
10.8528	-0.699	-154.44495
10.8628	-0.699	-153.38419
10.8728	-0.69898	-153.75986
10.8828	-0.699	-154.12974
10.8928	-0.69898	-153.25891
10.9028	-0.699	-151.78
10.9128	-0.69901	-153.10488
10.9228	-0.69896	-154.54812
10.9328	-0.69898	-153.42992
10.9428	-0.699	-153.09649
10.9528	-0.69899	-152.19703
10.9628	-0.69902	-155.44489
10.9728	-0.69901	-156.14491
10.9828	-0.69898	-152.94725
10.9928	-0.69895	-152.86824
11.0028	-0.69899	-154.94312
11.0128	-0.69898	-155.5
11.0228	-0.69903	-154.7823
11.0328	-0.69899	-154.54371
11.0428	-0.69902	-153.08494
11.0528	-0.69899	-153.54551
11.0628	-0.69899	-156.24165
11.0728	-0.69903	-153.02011
11.0828	-0.69902	-154.86161
11.0928	-0.69901	-156.9732
11.1028	-0.69903	-159.36234
11.1128	-0.69898	-159.96437
11.1228	-0.69898	-155.05316
11.1328	-0.69899	-155.04285
11.1428	-0.69898	-154.00414
11.1528	-0.69904	-158.57309
11.1628	-0.699	-156.62062
11.1728	-0.69901	-157.28797
11.1828	-0.69903	-156.91396
11.1928	-0.69903	-156.48908
11.2028	-0.69899	-157.48836
11.2128	-0.69896	-153.71458
11.2228	-0.699	-153.30768
11.2328	-0.69892	-154.30021
11.2428	-0.69898	-155.49098
11.2528	-0.69898	-154.82331
11.2628	-0.69896	-158.93146
11.2728	-0.69898	-155.20598
11.2828	-0.69904	-155.98735
11.2928	-0.69896	-154.96639
11.3028	-0.69899	-156.91037
11.3128	-0.69899	-157.0351
11.3228	-0.69899	-157.10476
11.3328	-0.69899	-158.95857
11.3428	-0.69902	-156.0109
11.3528	-0.69897	-157.15784
11.3628	-0.69897	-153.72038
11.3728	-0.69898	-152.70685
11.3828	-0.69896	-152.98561
11.3928	-0.69898	-156.25112
11.4028	-0.69899	-155.42457
11.4128	-0.69898	-155.5116
11.4228	-0.69899	-153.06934
11.4328	-0.69904	-153.98587
11.4428	-0.69898	-154.3
11.4528	-0.69899	-153.69467
11.4628	-0.69896	-152.76116
11.4728	-0.69899	-154.0741
11.4828	-0.69898	-153.49994
11.4928	-0.699	-154.49
11.5028	-0.69898	-156.57236
11.5128	-0.69901	-154.59483
11.5228	-0.69903	-151.66005
11.5328	-0.69901	-153.11844
11.5428	-0.69897	-155.09052
11.5528	-0.699	-157.78571
11.5628	-0.69905	-157.46333
11.5728	-0.69901	-155.89191
11.5828	-0.699	-154.36545
11.5928	-0.69895	-154.22782
11.6028	-0.69898	-153.23876
11.6128	-0.69901	-155.56002
11.6228	-0.69897	-154.59618
11.6328	-0.69898	-159.34417
11.6428	-0.69898	-156.26726
11.6528	-0.699	-156.48445
11.6628	-0.69899	-154.23467
11.6728	-0.69899	-152.90956
11.6828	-0.69896	-154.39011
11.6928	-0.69902	-153.38996
11.7028	-0.69905	-155.35024
11.7128	-0.69896	-155.76764
11.7228	-0.69903	-157.30502
11.7328	-0.69901	-152.77034
11.7428	-0.69902	-153.50628
11.7528	-0.69902	-149.49559
11.7628	-0.69899	-153.51391
11.7728	-0.69902	-151.99431
11.7828	-0.69899	-154.31664
11.7928	-0.69898	-152.75171
11.8028	-0.69896	-154.46125
11.8128	-0.69899	-156.12265
11.8228	-0.69902	-155.41404
11.8328	-0.69896	-152.99103
11.8428	-0.69896	-154.14295
11.8528	-0.69895	-155.504
11.8628	-0.69901	-154.55751
11.8728	-0.69897	-156.85796
11.8828	-0.69906	-158.1251
11.8928	-0.69898	-155.74152
11.9028	-0.699	-152.8325
11.9128	-0.69898	-152.35193
11.9228	-0.69901	-152.39378
11.9328	-0.69896	-154.8717
11.9428	-0.69901	-155.48783
11.9528	-0.69899	-155.30196
11.9628	-0.69903	-153.97043
11.9728	-0.69902	-153.51661
11.9828	-0.69901	-157.23182
11.9928	-0.69901	-157.31203
12.0028	-0.69898	-158.7574
12.0128	-0.69901	-156.64516
12.0228	-0.69903	-156.69593
12.0328	-0.69903	-155.54429
12.0428	-0.69899	-155.36281
12.0528	-0.69899	-153.62754
12.0628	-0.69901	-153.6951
12.0728	-0.699	-156.30962
12.0828	-0.699	-156.06615
12.0928	-0.69898	-155.35305
12.1028	-0.69901	-152.69947
12.1128	-0.69896	-151.12201
12.1228	-0.69899	-155.69668
12.1328	-0.69896	-156.01347
12.1428	-0.69899	-154.35855
12.1528	-0.69894	-154.25077
12.1628	-0.69899	-153.49053
12.1728	-0.69895	-153.47619
12.1828	-0.69899	-157.01401
12.1928	-0.69898	-155.66485
12.2028	-0.69901	-154.56446
12.2128	-0.69896	-155.79514
12.2228	-0.699	-153.35081
12.2328	-0.69899	-155.10206
12.2428	-0.69902	-157.07798
12.2528	-0.69902	-155.71
12.2628	-0.69899	-154.6381
12.2728	-0.699	-153.66292
12.2828	-0.69897	-157.20124
12.2928	-0.69902	-155.03379
12.3028	-0.69903	-155.685
12.3128	-0.69896	-158.463
12.3228	-0.69903	-153.85189
12.3328	-0.69899	-155.33506
12.3428	-0.69899	-154.38231
12.3528	-0.69897	-153.26917
12.3628	-0.699	-152.41015
12.3728	-0.69902	-151.08552
12.3828	-0.69897	-156.16573
12.3928	-0.69897	-153.55161
12.4028	-0.69897	-154.60445
12.4128	-0.699	-154.13727
12.4228	-0.69899	-154.7311
12.4328	-0.69902	-153.64765
12.4428	-0.69901	-152.98599
12.4528	-0.69902	-152.23165
12.4628	-0.69903	-154.00461
12.4728	-0.69903	-155.02451
12.4828	-0.69897	-154.96381
12.4928	-0.699	-154.03663
12.5028	-0.69897	-155.04484
12.5128	-0.699	-155.16605
12.5228	-0.699	-153.52198
12.5328	-0.69901	-154.95371
12.5428	-0.699	-154.66982
12.5528	-0.69898	-156.05939
12.5628	-0.69898	-156.99071
12.5728	-0.69901	-155.02215
12.5828	-0.69901	-157.82504
12.5928	-0.69897	-158.82434
12.6028	-0.69898	-153.73242
12.6128	-0.699	-154.50703
12.6228	-0.69903	-154.25492
12.6328	-0.69897	-152.72316
12.6428	-0.69899	-156.00141
12.6528	-0.69901	-156.9653
12.6628	-0.69905	-158.936
12.6728	-0.69902	-158.37499
12.6828	-0.69903	-156.74584
12.6928	-0.69904	-152.97151
12.7028	-0.69902	-152.69892
12.7128	-0.69903	-151.14094
12.7228	-0.69904	-157.86911
12.7328	-0.69898	-156.21838
12.7428	-0.69902	-155.5414
12.7528	-0.69901	-155.85745
12.7628	-0.69896	-156.12139
12.7728	-0.69901	-155.1023
12.7828	-0.69899	-154.96195
12.7928	-0.69896	-158.17729
12.8028	-0.69898	-156.76743
12.8128	-0.69896	-154.35222
12.8228	-0.69898	-153.69933
12.8328	-0.69898	-154.10146
12.8428	-0.69905	-156.22841
12.8528	-0.69899	-156.30221
12.8628	-0.69901	-154.39964
12.8728	-0.69903	-153.10489
12.8828	-0.69896	-155.911
12.8928	-0.69902	-156.6295
12.9028	-0.69899	-155.56223
12.9128	-0.69901	-157.44423
12.9228	-0.69898	-157.30424
12.9328	-0.69903	-156.02964
12.9428	-0.69895	-154.55389
12.9528	-0.699	-153.41595
12.9628	-0.69903	-156.88235
12.9728	-0.69902	-153.42333
12.9828	-0.69897	-152.10806
12.9928	-0.69901	-153.35475
13.0028	-0.69896	-152.7666
13.0128	-0.69897	-151.40564
13.0228	-0.69898	-152.96277
13.0328	-0.69904	-153.03326
13.0428	-0.69895	-153.81309
13.0528	-0.69899	-153.85159
13.0628	-0.699	-153.71585
13.0728	-0.69897	-154.18028
13.0828	-0.69899	-156.235
13.0928	-0.69901	-155.94705
13.1028	-0.69901	-157.00036
13.1128	-0.69899	-156.76008
13.1228	-0.699	-155.33647
13.1328	-0.69899	-153.73183
13.1428	-0.69899	-154.98561
13.1528	-0.69902	-151.97743
13.1628	-0.69895	-157.08264
13.1728	-0.69902	-156.96949
13.1828	-0.69898	-155.44168
13.1928	-0.69904	-156.17113
13.2028	-0.69898	-154.01417
13.2128	-0.69899	-156.78381
13.2228	-0.69901	-154.13312
13.2328	-0.69901	-152.83304
13.2428	-0.69899	-154.76247
13.2528	-0.699	-158.92384
13.2628	-0.69898	-157.27936
13.2728	-0.69901	-151.77878
13.2828	-0.69898	-153.11296
13.2928	-0.69903	-154.2524
13.3028	-0.69895	-154.76049
13.3128	-0.699	-155.83218
13.3228	-0.69903	-154.58845
13.3328	-0.69903	-154.5137
13.3428	-0.69906	-152.8273
13.3528	-0.69901	-153.19293
13.3628	-0.69901	-155.82984
13.3728	-0.69901	-156.22823
13.3828	-0.69901	-156.87888
13.3928	-0.69897	-156.94549
13.4028	-0.69903	-155.24611
13.4128	-0.69899	-156.36009
13.4228	-0.69899	-154.95621
13.4328	-0.69896	-158.94348
13.4428	-0.699	-157.60135
13.4528	-0.69901	-155.514
13.4628	-0.69898	-153.28312
13.4728	-0.69897	-155.79876
13.4828	-0.69898	-154.07052
13.4928	-0.69902	-153.26891
13.5028	-0.69906	-153.39269
13.5128	-0.699	-156.68317
13.5228	-0.69903	-154.31209
13.5328	-0.69903	-158.47552
13.5428	-0.69898	-156.55056
13.5528	-0.69898	-153.07144
13.5628	-0.69903	-152.51878
13.5728	-0.69901	-151.93585
13.5828	-0.69902	-154.34166
13.5928	-0.69898	-157.12651
13.6028	-0.69903	-154.96191
13.6128	-0.69898	-152.56299
13.6228	-0.69897	-151.76636
13.6328	-0.69901	-154.32926
13.6428	-0.69898	-154.26382
13.6528	-0.699	-156.36128
13.6628	-0.69899	-155.29136
13.6728	-0.69903	-151.91884
13.6828	-0.69903	-154.01503
13.6928	-0.69902	-155.24867
13.7028	-0.69901	-154.40803
13.7128	-0.699	-152.11127
13.7228	-0.69904	-153.78164
13.7328	-0.69902	-155.00682
13.7428	-0.69904	-156.87084
13.7528	-0.69898	-151.50013
13.7628	-0.69905	-152.67148
13.7728	-0.69901	-156.28515
13.7828	-0.69898	-154.04633
13.7928	-0.69896	-155.39965
13.8028	-0.699	-157.28996
13.8128	-0.69902	-157.56683
13.8228	-0.699	-155.47877
13.8328	-0.69903	-153.1418
13.8428	-0.69895	-156.37762
13.8528	-0.69899	-156.05133
13.8628	-0.69896	-155.54241
13.8728	-0.69905	-155.73853
13.8828	-0.69897	-155.50887
13.8928	-0.69897	-153.12325
13.9028	-0.699	-152.85521
13.9128	-0.69903	-151.89603
13.9228	-0.69898	-150.11526
13.9328	-0.69899	-153.82602
13.9428	-0.699	-156.88275
13.9528	-0.69897	-151.897
13.9628	-0.69902	-156.89054
13.9728	-0.69901	-152.89257
13.9828	-0.699	-153.48505
13.9928	-0.69901	-153.38679
14.0028	-0.69901	-158.63372
14.0128	-0.69899	-154.81928
14.0228	-0.69901	-157.04147
14.0328	-0.69894	-152.95589
14.0428	-0.69902	-155.36742
14.0528	-0.69898	-156.26209
14.0628	-0.69899	-155.51957
14.0728	-0.69904	-155.78553
14.0828	-0.69898	-155.2507
14.0928	-0.69898	-157.56838
14.1028	-0.69903	-154.77858
14.1128	-0.69903	-157.2468
14.1228	-0.69899	-155.57721
14.1328	-0.699	-153.62977
14.1428	-0.699	-154.47668
14.1528	-0.69901	-153.53795
14.1628	-0.69897	-155.00549
14.1728	-0.69898	-156.62884
14.1828	-0.69894	-156.24514
14.1928	-0.69905	-152.39658
14.2028	-0.69903	-154.30582
14.2128	-0.69901	-154.48691
14.2228	-0.69901	-155.00598
14.2328	-0.69903	-155.15316
14.2428	-0.69901	-154.09228
14.2528	-0.69898	-154.40297
14.2628	-0.69903	-153.87013
14.2728	-0.69903	-151.7039
14.2828	-0.69899	-152.34451
14.2928	-0.69898	-150.13683
14.3028	-0.69897	-153.63146
14.3128	-0.69898	-155.76147
14.3228	-0.69903	-152.42108
14.3328	-0.69899	-151.93517
14.3428	-0.69903	-151.66789
14.3528	-0.69899	-153.69032
14.3628	-0.69903	-153.21017
14.3728	-0.69897	-152.36701
14.3828	-0.69901	-153.48533
14.3928	-0.699	-155.38527
14.4028	-0.69899	-153.80292
14.4128	-0.69901	-154.73806
14.4228	-0.69897	-154.55792
14.4328	-0.69902	-150.4845
14.4428	-0.69901	-152.19581
14.4528	-0.69896	-155.74288
14.4628	-0.69905	-154.17962
14.4728	-0.69898	-152.05261
14.4828	-0.69901	-153.32952
14.4928	-0.69898	-154.58554
14.5028	-0.69901	-154.78673
14.5128	-0.69899	-154.52501
14.5228	-0.69898	-154.37813
14.5328	-0.69899	-155.9508
14.5428	-0.69897	-157.81876
14.5528	-0.69901	-157.48796
14.5628	-0.69902	-153.87459
14.5728	-0.69904	-156.25908
14.5828	-0.699	-154.19283
14.5928	-0.69897	-154.56922
14.6028	-0.69904	-153.46411
14.6128	-0.699	-152.87462
14.6228	-0.69903	-153.17492
14.6328	-0.69899	-153.5706
14.6428	-0.69899	-154.30327
14.6528	-0.69902	-156.99888
14.6628	-0.699	-155.25673
14.6728	-0.69899	-154.28787
14.6828	-0.69901	-153.86571
14.6928	-0.69902	-154.47291
14.7028	-0.69896	-155.00173
14.7128	-0.69899	-156.72488
14.7228	-0.69896	-155.74257
14.7328	-0.69901	-156.3163
14.7428	-0.69895	-155.68962
14.7528	-0.69901	-156.1026
14.7628	-0.69903	-158.13241
14.7728	-0.69896	-156.26671
14.7828	-0.69901	-153.05437
14.7928	-0.69899	-153.76952
14.8028	-0.69899	-151.17706
14.8128	-0.69898	-150.35376
14.8228	-0.69896	-154.34583
14.8328	-0.699	-154.39061
14.8428	-0.69899	-153.36838
14.8528	-0.69898	-156.08079
14.8628	-0.69899	-155.29669
14.8728	-0.69898	-155.97735
14.8828	-0.69899	-155.931
14.8928	-0.69903	-156.07225
14.9028	-0.699	-155.17809
14.9128	-0.69899	-154.54106
14.9228	-0.69898	-156.47009
14.9328	-0.69902	-156.52478
14.9428	-0.69901	-157.74678
14.9528	-0.69903	-154.74038
14.9628	-0.69893	-157.05932
14.9728	-0.69894	-153.62228
14.9828	-0.69902	-155.04159
14.9928	-0.699	-153.6761
15.0028	-0.69896	-155.26652
15.0128	-0.69898	-158.23589
15.0228	-0.69904	-158.62268
15.0328	-0.699	-154.31891
15.0428	-0.699	-153.84691
15.0528	-0.69896	-153.41995
15.0628	-0.69898	-152.794
15.0728	-0.699	-152.48565
15.0828	-0.699	-154.65949
15.0928	-0.69896	-153.80058
15.1028	-0.69896	-154.13812
15.1128	-0.69903	-154.09655
15.1228	-0.69903	-151.98854
15.1328	-0.69898	-151.6848
15.1428	-0.699	-153.88076
15.1528	-0.69903	-153.02298
15.1628	-0.699	-151.4009
15.1728	-0.69899	-154.5579
15.1828	-0.69898	-153.60881
15.1928	-0.69904	-155.35171
15.2028	-0.69897	-157.76689
15.2128	-0.69895	-156.57547
15.2228	-0.69901	-156.36606
15.2328	-0.69902	-155.47906
15.2428	-0.69902	-155.32224
15.2528	-0.69902	-153.90792
15.2628	-0.69902	-155.49465
15.2728	-0.69896	-154.31986
15.2828	-0.69899	-153.71926
15.2928	-0.69897	-155.82178
15.3028	-0.69898	-153.10661
15.3128	-0.69899	-153.89908
15.3228	-0.69903	-153.90212
15.3328	-0.69898	-156.87368
15.3428	-0.69901	-159.2157
15.3528	-0.69903	-155.67794
15.3628	-0.699	-154.20166
15.3728	-0.69899	-152.34015
15.3828	-0.69899	-153.83338
15.3928	-0.69899	-156.42512
15.4028	-0.699	-154.92309
15.4128	-0.69899	-150.94484
15.4228	-0.69901	-152.5576
15.4328	-0.69896	-152.8846
15.4428	-0.699	-152.40371
15.4528	-0.699	-152.83496
15.4628	-0.69896	-150.12884
15.4728	-0.69903	-151.46297
15.4828	-0.699	-150.65355
15.4928	-0.69898	-153.20161
15.5028	-0.69902	-154.06314
15.5128	-0.699	-155.35613
15.5228	-0.69899	-155.49115
15.5328	-0.69906	-154.98254
15.5428	-0.69899	-154.41562
15.5528	-0.69898	-152.81536
15.5628	-0.699	-149.69186
15.5728	-0.69899	-154.91223
15.5828	-0.69898	-155.52384
15.5928	-0.69903	-157.45086
15.6028	-0.69901	-155.91095
15.6128	-0.69899	-156.38523
15.6228	-0.69894	-152.47328
15.6328	-0.69905	-155.04321
15.6428	-0.69902	-155.82225
15.6528	-0.69901	-157.55587
15.6628	-0.69897	-154.77532
15.6728	-0.69902	-151.68357
15.6828	-0.69898	-155.06352
15.6928	-0.69899	-155.40608
15.7028	-0.69904	-154.25783
15.7128	-0.69899	-153.42286
15.7228	-0.69902	-155.44209
15.7328	-0.69904	-155.79727
15.7428	-0.69895	-157.5778
15.7528	-0.69903	-157.06274
15.7628	-0.69904	-154.42272
15.7728	-0.69898	-155.99997
15.7828	-0.69895	-157.01983
15.7928	-0.69896	-156.23161
15.8028	-0.69902	-155.49679
15.8128	-0.69896	-153.22189
15.8228	-0.69901	-154.32117
15.8328	-0.69901	-152.71637
15.8428	-0.69901	-152.42281
15.8528	-0.69899	-155.5596
15.8628	-0.69901	-155.59806
15.8728	-0.699	-155.5775
15.8828	-0.69901	-155.95278
15.8928	-0.69898	-155.87322
15.9028	-0.69898	-156.04114
15.9128	-0.69899	-156.89481
15.9228	-0.69902	-157.58661
15.9292	-0.69892	-211.56957
15.9294	-0.69896	-278.65323
15.9296	-0.69895	-347.46333
15.9298	-0.69896	-411.68784
15.93	-0.69887	-468.03035
15.9302	-0.69896	-510.69378
15.9304	-0.69895	-534.5172
15.9308	-0.69896	-518.94995
15.931	-0.69898	-498.91003
15.9312	-0.69901	-479.96565
15.9314	-0.69895	-461.475
15.9316	-0.69899	-444.21739
15.9318	-0.69901	-429.50165
15.932	-0.69901	-417.73433
15.9322	-0.69902	-407.15443
15.9326	-0.69896	-391.94325
15.9332	-0.69898	-378.31427
15.9338	-0.69898	-367.07826
15.9344	-0.69901	-356.77314
15.9352	-0.69904	-345.87907
15.936	-0.69898	-334.09094
15.937	-0.69904	-322.31301
15.943	-0.69899	-312.20145
15.9524	-0.69896	-301.96705
15.9624	-0.69899	-294.4293
15.9724	-0.69903	-292.04367
15.9824	-0.69898	-282.42164
15.9924	-0.69898	-275.83053
16.0024	-0.69902	-274.79166
16.0124	-0.69903	-264.97739
16.0224	-0.69903	-262.90621
16.0324	-0.699	-260.08269
16.0424	-0.69901	-250.68758
16.0524	-0.69898	-250.99567
16.0586	-0.69901	-239.81403
16.0686	-0.69901	-236.89635
16.0786	-0.69903	-233.71898
16.0886	-0.69903	-232.96094
16.0986	-0.69905	-230.28477
16.1066	-0.69898	-219.7368
16.1166	-0.69901	-220.89945
16.1266	-0.69903	-217.33514
16.1366	-0.69898	-213.91395
16.1466	-0.69902	-208.92388
16.1566	-0.699	-203.57365
16.1666	-0.69896	-201.66802
16.1766	-0.69895	-198.77007
16.1866	-0.699	-195.0379
16.1966	-0.69902	-193.5276
16.2066	-0.69897	-189.41708
16.2166	-0.69899	-186.58567
16.2266	-0.69901	-185.66097
16.2366	-0.69895	-185.20805
16.2466	-0.699	-181.65989
16.2566	-0.69906	-180.59004
16.2666	-0.69903	-183.0258
16.2766	-0.699	-182.23723
16.2866	-0.69898	-180.31848
16.2966	-0.69901	-183.58912
16.2978	-0.69901	-172.96861
16.3016	-0.699	-183.3081
16.3028	-0.69898	-173.18385
16.3064	-0.69899	-183.71144
16.3078	-0.69894	-173.03088
16.3178	-0.69899	-179.02322
16.3278	-0.699	-177.95526
16.3378	-0.69902	-178.83129
16.3478	-0.69899	-174.0537
16.3578	-0.69908	-175.13514
16.3678	-0.69893	-175.20587
16.3778	-0.69898	-174.11672
16.3878	-0.69899	-175.34155
16.3978	-0.69896	-175.17404
16.4078	-0.69902	-177.1264
16.4178	-0.69901	-171.96167
16.4278	-0.69899	-172.466
16.4378	-0.69904	-172.73761
16.4478	-0.69904	-174.60573
16.4578	-0.69899	-174.16673
16.4678	-0.699	-172.19709
16.4778	-0.69903	-172.23894
16.4878	-0.699	-174.31329
16.4978	-0.699	-172.61031
16.5078	-0.69906	-173.56705
16.5178	-0.69898	-170.40975
16.5278	-0.69898	-171.13591
16.5378	-0.69903	-169.73014
16.5478	-0.69902	-173.99174
16.5578	-0.69897	-172.70672
16.5678	-0.69899	-170.10319
16.5778	-0.69897	-170.61875
16.5878	-0.69899	-172.03506
16.5978	-0.699	-172.33319
16.6078	-0.699	-171.51712
16.6178	-0.699	-170.5627
16.6278	-0.699	-171.7362
16.6378	-0.69903	-168.64318
16.6478	-0.69901	-169.4975
16.6578	-0.69902	-173.4538
16.6678	-0.69897	-172.59035
16.6778	-0.69899	-167.52757
16.6878	-0.69901	-170.46479
16.6978	-0.69901	-171.70112
16.7078	-0.69904	-172.09027
16.7178	-0.69898	-172.3423
16.7278	-0.69902	-172.17481
16.7378	-0.69891	-174.58821
16.7478	-0.69903	-173.59856
16.7578	-0.69898	-168.71725
16.7678	-0.69896	-168.81123
16.7778	-0.69895	-169.4077
16.7878	-0.69901	-169.67671
16.7978	-0.699	-168.60032
16.8078	-0.69899	-172.07051
16.8178	-0.69901	-166.88182
16.8278	-0.69899	-170.46779
16.8378	-0.69902	-171.87551
16.8478	-0.69896	-169.93091
16.8578	-0.69902	-166.64971
16.8678	-0.69899	-165.47382
16.8778	-0.69897	-164.83128
16.8878	-0.69901	-169.33977
16.8978	-0.69899	-170.94756
16.9078	-0.69902	-171.18901
16.9178	-0.69899	-167.35548
16.9278	-0.69896	-166.55142
16.9378	-0.69898	-169.06961
16.9478	-0.69902	-166.84531
16.9578	-0.69902	-165.70561
16.9678	-0.69898	-164.73095
16.9778	-0.69901	-166.99762
16.9878	-0.69898	-168.1491
16.9978	-0.69897	-167.61629
17.0078	-0.69902	-166.09656
17.0178	-0.69898	-164.50907
17.0278	-0.69901	-165.65362
17.0378	-0.69901	-165.93079
17.0478	-0.69898	-163.94287
17.0578	-0.69896	-163.7993
17.0678	-0.69902	-165.78979
17.0778	-0.69901	-165.38391
17.0878	-0.69896	-166.24068
17.0978	-0.69896	-164.82048
17.1078	-0.69899	-165.40427
17.1178	-0.699	-165.40922
17.1278	-0.69898	-166.37902
17.1378	-0.69899	-165.27953
17.1478	-0.69896	-165.42015
17.1578	-0.699	-167.46945
17.1678	-0.69899	-165.26221
17.1778	-0.699	-167.08483
17.1878	-0.69899	-165.67215
17.1978	-0.699	-167.8976
17.2078	-0.69897	-165.69619
17.2178	-0.69896	-166.6516
17.2278	-0.69899	-166.72857
17.2378	-0.69897	-171.06676
17.2478	-0.69899	-167.19676
17.2578	-0.69903	-167.42953
17.2678	-0.69901	-165.7035
17.2778	-0.69899	-166.34532
17.2878	-0.69898	-167.15003
17.2978	-0.69902	-166.41833
17.3078	-0.69898	-164.76609
17.3178	-0.69899	-168.6245
17.3278	-0.699	-167.10257
17.3378	-0.69897	-166.9266
17.3478	-0.69899	-168.31152
17.3578	-0.69898	-166.89238
17.3678	-0.69898	-165.24633
17.3778	-0.699	-167.40053
17.3878	-0.69898	-165.26747
17.3978	-0.69898	-165.19117
17.4078	-0.69896	-163.26543
17.4178	-0.69906	-166.99384
17.4278	-0.69897	-169.34847
17.4378	-0.69906	-166.84322
17.4478	-0.69901	-164.10044
17.4578	-0.69901	-165.79658
17.4678	-0.69903	-168.43525
17.4778	-0.69896	-166.78212
17.4878	-0.69899	-164.30135
17.4978	-0.69896	-164.94653
17.5078	-0.69899	-165.51587
17.5178	-0.699	-165.71032
17.5278	-0.69898	-164.3248
17.5378	-0.69899	-166.373
17.5478	-0.699	-169.41401
17.5578	-0.699	-168.6016
17.5678	-0.69898	-167.98272
17.5778	-0.69905	-166.38491
17.5878	-0.69896	-162.41211
17.5978	-0.69902	-167.68884
17.6078	-0.69904	-166.07886
17.6178	-0.69902	-165.18314
17.6278	-0.69898	-165.02547
17.6378	-0.69898	-167.11705
17.6478	-0.69902	-169.3199
17.6578	-0.69902	-167.38639
17.6678	-0.69902	-163.73751
17.6778	-0.69903	-162.3757
17.6878	-0.69891	-164.81499
17.6978	-0.69897	-167.21117
17.7078	-0.69899	-165.04546
17.7178	-0.69899	-164.92494
17.7278	-0.69899	-162.55528
17.7378	-0.69899	-164.45705
17.7478	-0.69901	-167.74938
17.7578	-0.69897	-163.72944
17.7678	-0.69901	-163.31039
17.7778	-0.69907	-165.83843
17.7878	-0.69896	-163.60757
17.7978	-0.69901	-164.99429
17.8078	-0.69904	-163.18407
17.8178	-0.69899	-162.91861
17.8278	-0.69903	-161.34356
17.8378	-0.69904	-164.11006
17.8478	-0.69905	-164.10297
17.8578	-0.69901	-165.62565
17.8678	-0.69903	-164.58679
17.8778	-0.69898	-162.38614
17.8878	-0.69899	-163.61309
17.8978	-0.69901	-163.0746
17.9078	-0.69896	-162.30828
17.9178	-0.69901	-164.09547
17.9278	-0.69899	-165.60055
17.9378	-0.699	-163.16196
17.9478	-0.69897	-164.37953
17.9578	-0.69894	-162.10878
17.9678	-0.69901	-164.96149
17.9778	-0.69899	-165.55168
17.9878	-0.69899	-165.32921
17.9978	-0.69895	-165.10802
18.0078	-0.69898	-165.47261
18.0178	-0.69898	-165.42046
18.0278	-0.69899	-163.09585
18.0378	-0.69904	-166.14509
18.0478	-0.69903	-164.51072
18.0578	-0.699	-162.47022
18.0678	-0.69902	-161.48091
18.0778	-0.69903	-162.02537
18.0878	-0.69899	-162.78385
18.0978	-0.69898	-165.54834
18.1078	-0.69897	-164.26877
18.1178	-0.69898	-164.06673
18.1278	-0.69896	-162.58046
18.1378	-0.69902	-163.79822
18.1478	-0.69902	-168.49516
18.1578	-0.69902	-166.58281
18.1678	-0.69901	-165.88697
18.1778	-0.69899	-166.56806
18.1878	-0.699	-166.64197
18.1978	-0.69899	-161.09615
18.2078	-0.69899	-161.34078
18.2178	-0.69904	-161.39349
18.2278	-0.69901	-165.34415
18.2378	-0.699	-166.57086
18.2478	-0.699	-165.46511
18.2578	-0.699	-165.94498
18.2678	-0.69906	-163.45091
18.2778	-0.699	-165.90045
18.2878	-0.69898	-163.93702
18.2978	-0.69899	-164.81036
18.3078	-0.69901	-163.37904
18.3178	-0.69903	-165.47204
18.3278	-0.69901	-164.03139
18.3378	-0.69899	-163.5139
18.3478	-0.69899	-164.15581
18.3578	-0.69899	-165.61603
18.3678	-0.69898	-162.25302
18.3778	-0.69898	-160.00705
18.3878	-0.69899	-165.4289
18.3978	-0.69901	-166.37695
18.4078	-0.69903	-165.15693
18.4178	-0.69899	-162.40227
18.4278	-0.69897	-162.58991
18.4378	-0.69898	-163.69547
18.4478	-0.69902	-164.77171
18.4578	-0.69895	-164.09435
18.4678	-0.69904	-163.89308
18.4778	-0.69903	-164.30377
18.4878	-0.69902	-162.31633
18.4978	-0.699	-165.48341
18.5078	-0.69901	-158.38434
18.5114	-0.69901	-168.57214
18.5214	-0.69899	-164.18025
18.5314	-0.69902	-165.96947
18.5414	-0.69899	-163.57247
18.5514	-0.69899	-162.52415
18.5614	-0.69898	-163.72499
18.5714	-0.69898	-163.08326
18.5814	-0.69899	-161.76892
18.5914	-0.69898	-164.09524
18.6014	-0.69901	-163.35873
18.6114	-0.69902	-163.80436
18.6214	-0.69903	-163.14267
18.6314	-0.69899	-164.3331
18.6414	-0.69902	-164.19723
18.6514	-0.69899	-162.03786
18.6614	-0.69903	-159.47394
18.6714	-0.69902	-161.55057
18.6814	-0.69901	-161.77181
18.6914	-0.699	-163.73993
18.7014	-0.699	-162.26524
18.7114	-0.69902	-163.24553
18.7214	-0.69901	-163.98566
18.7314	-0.69903	-164.00099
18.7414	-0.69905	-164.41938
18.7514	-0.69899	-163.18293
18.7614	-0.69901	-163.02602
18.7714	-0.69899	-164.77394
18.7814	-0.69897	-166.64494
18.7914	-0.69904	-163.46883
18.8014	-0.69905	-161.69176
18.8114	-0.69904	-162.41226
18.8214	-0.69902	-160.0872
18.8314	-0.69902	-161.3204
18.8414	-0.699	-161.54513
18.8514	-0.69906	-161.223
18.8614	-0.69903	-164.54587
18.8714	-0.69902	-166.87321
18.8814	-0.69898	-162.22737
18.8914	-0.69898	-160.69399
18.9014	-0.69901	-160.72701
18.9114	-0.69902	-164.5713
18.9214	-0.69904	-165.70733
18.9314	-0.69904	-165.04163
18.9414	-0.699	-164.67834
18.9514	-0.69904	-164.59542
18.9614	-0.69906	-162.45303
18.9714	-0.699	-162.36733
18.9814	-0.69903	-163.72412
18.9914	-0.69898	-163.1377
19.0014	-0.699	-165.56156
19.0114	-0.69897	-161.819
19.0214	-0.699	-163.94577
19.0314	-0.69906	-165.82173
19.0414	-0.69899	-162.78518
19.0514	-0.69904	-163.54566
19.0614	-0.69903	-160.99348
19.0714	-0.69899	-161.91775
19.0814	-0.69903	-163.08333
19.0914	-0.69901	-163.94974
19.1014	-0.69896	-161.88325
19.1114	-0.69905	-159.98799
19.1214	-0.69905	-161.94286
19.1314	-0.69901	-163.78374
19.1414	-0.69898	-164.9878
19.1514	-0.69902	-162.57675
19.1614	-0.69903	-161.13616
19.1714	-0.69901	-160.7703
19.1814	-0.69901	-160.24013
19.1914	-0.69896	-160.02589
19.2014	-0.69901	-162.34675
19.2114	-0.69898	-158.8391
19.2214	-0.69903	-161.58288
19.2314	-0.69904	-158.65133
19.2414	-0.699	-159.66943
19.2514	-0.69899	-160.73767
19.2614	-0.69902	-160.87822
19.2714	-0.69895	-159.55271
19.2814	-0.69901	-162.95766
19.2914	-0.699	-160.7836
19.3014	-0.69896	-163.77656
19.3114	-0.69904	-160.67058
19.3214	-0.69901	-159.40593
19.3314	-0.69896	-158.5245
19.3414	-0.69899	-159.64851
19.3514	-0.69903	-161.12217
19.3614	-0.69896	-163.63902
19.3714	-0.69896	-162.16678
19.3814	-0.69899	-160.19159
19.3914	-0.69901	-160.24129
19.4014	-0.69901	-162.41016
19.4114	-0.69901	-161.48573
19.4214	-0.69899	-161.73472
19.4314	-0.699	-157.37524
19.4414	-0.69903	-157.91029
19.4514	-0.69899	-159.10389
19.4614	-0.699	-159.72296
19.4714	-0.69896	-162.34785
19.4814	-0.699	-160.33472
19.4914	-0.69899	-161.06273
19.5014	-0.69899	-160.59549
19.5114	-0.69901	-158.65339
19.5214	-0.69896	-159.30456
19.5314	-0.69897	-159.06438
19.5414	-0.69899	-159.17431
19.5514	-0.69899	-159.98134
19.5614	-0.69898	-160.94656
19.5714	-0.69901	-163.0797
19.5814	-0.69898	-160.68047
19.5914	-0.69899	-160.11396
19.6014	-0.69901	-160.64033
19.6114	-0.69898	-161.80438
19.6214	-0.699	-160.07118
19.6314	-0.69902	-160.0297
19.6414	-0.69899	-158.77072
19.6514	-0.69897	-158.67147
19.6614	-0.69901	-163.41174
19.6714	-0.69897	-165.37226
19.6814	-0.69902	-164.23805
19.6914	-0.69898	-164.65253
19.7014	-0.699	-161.4669
19.7114	-0.69906	-164.17421
19.7214	-0.69901	-164.86234
19.7314	-0.69906	-164.35462
19.7414	-0.699	-162.9018
19.7514	-0.69896	-163.33536
19.7614	-0.69906	-161.26481
19.7714	-0.69904	-160.13453
19.7814	-0.69904	-159.59812
19.7914	-0.69897	-163.40769
19.8014	-0.69898	-162.86226
19.8114	-0.699	-162.60212
19.8214	-0.69904	-159.46968
19.8314	-0.69904	-159.13949
19.8414	-0.69901	-159.72844
19.8514	-0.69907	-161.85999
19.8614	-0.699	-162.60545
19.8714	-0.69903	-164.76312
19.8814	-0.699	-165.05773
19.8914	-0.69906	-161.30754
19.9014	-0.69899	-160.17519
19.9114	-0.69903	-160.36024
19.9214	-0.69894	-159.54075
19.9314	-0.69901	-159.27168
19.9414	-0.699	-160.70747
19.9514	-0.69903	-159.66754
19.9614	-0.69901	-158.34979
19.9714	-0.69901	-161.49724
19.9814	-0.69901	-160.30262
19.9914	-0.69895	-160.59927
20.0014	-0.69901	-162.1201
20.0114	-0.69905	-164.03129
20.0214	-0.69904	-162.5874
20.0314	-0.69903	-163.29966
20.0414	-0.69898	-161.79654
20.0514	-0.69904	-159.18241
20.0614	-0.69898	-159.91586
20.0714	-0.69902	-161.80638
20.0814	-0.69903	-160.02053
20.0914	-0.69903	-162.02861
20.1014	-0.69903	-161.73237
20.1114	-0.69898	-162.34883
20.1214	-0.69899	-162.89371
20.1314	-0.69898	-161.77631
20.1414	-0.69903	-160.79295
20.1514	-0.69904	-162.49213
20.1614	-0.699	-162.17233
20.1714	-0.69898	-161.12922
20.1814	-0.69902	-160.81236
20.1914	-0.69899	-161.22175
20.2014	-0.69902	-162.12246
20.2114	-0.699	-158.52007
20.2214	-0.699	-157.59417
20.2314	-0.69903	-157.17683
20.2414	-0.69905	-159.61419
20.2514	-0.69897	-160.39075
20.2614	-0.69905	-158.95081
20.2714	-0.69902	-161.74803
20.2814	-0.69896	-161.13752
20.2914	-0.69902	-162.45581
20.3014	-0.699	-162.42389
20.3114	-0.69902	-162.15759
20.3214	-0.69904	-163.26415
20.3314	-0.69903	-159.45909
20.3414	-0.69902	-158.52082
20.3514	-0.69898	-157.07607
20.3614	-0.69901	-159.54168
20.3714	-0.69899	-163.86667
20.3814	-0.69906	-164.52638
20.3914	-0.69899	-161.69233
20.4014	-0.699	-161.59153
20.4114	-0.69903	-161.81589
20.4214	-0.69902	-162.54276
20.4314	-0.6991	-160.50996
20.4414	-0.69897	-159.80628
20.4514	-0.69903	-160.91234
20.4614	-0.69904	-162.20687
20.4714	-0.69897	-162.75641
20.4814	-0.69901	-161.53086
20.4914	-0.69901	-162.89434
20.5014	-0.69901	-162.51975
20.5114	-0.69903	-164.05244
20.5214	-0.69897	-160.93814
20.5314	-0.69901	-159.78772
20.5414	-0.69903	-160.74169
20.5514	-0.69901	-162.51788
20.5614	-0.69902	-164.25099
20.5714	-0.69902	-159.87855
20.5814	-0.69899	-160.97133
20.5914	-0.69898	-159.729
20.6014	-0.69902	-158.16157
20.6114	-0.69901	-159.00213
20.6214	-0.69901	-161.79054
20.6314	-0.69897	-162.07856
20.6414	-0.699	-161.25733
20.6514	-0.69906	-163.48508
20.6614	-0.69899	-165.82848
20.6652	-0.69902	-155.77041
20.6752	-0.69906	-158.57334
20.6852	-0.69906	-161.4282
20.6952	-0.69902	-161.37635
20.7052	-0.69902	-156.91552
20.7152	-0.69898	-155.29676
20.7188	-0.69897	-166.29356
20.7224	-0.699	-155.92349
20.7324	-0.69897	-160.06062
20.7424	-0.69897	-161.60418
20.7524	-0.69899	-159.98312
20.7624	-0.69904	-160.22351
20.7724	-0.69903	-162.91956
20.7824	-0.69901	-161.63368
20.7924	-0.69903	-161.13773
20.8024	-0.69902	-161.38208
20.8124	-0.699	-159.92372
20.8224	-0.69902	-159.558
20.8324	-0.69894	-161.87033
20.8424	-0.69902	-161.82796
20.8524	-0.69899	-164.04935
20.8624	-0.69903	-163.64893
20.8724	-0.699	-164.82554
20.8824	-0.69903	-163.54279
20.8924	-0.69906	-161.18557
20.9024	-0.699	-160.65086
20.9124	-0.69899	-161.14031
20.9224	-0.69898	-163.95906
20.9324	-0.69902	-161.72648
20.9424	-0.69901	-159.49415
20.9524	-0.69902	-162.91467
20.9624	-0.69901	-160.15515
20.9724	-0.69906	-160.72912
20.9824	-0.69901	-159.3115
20.9924	-0.69896	-160.50173
21.0024	-0.69902	-161.23437
21.0124	-0.69901	-162.27207
21.0224	-0.69897	-162.00407
21.0324	-0.69898	-165.24824
21.0424	-0.69904	-161.69854
21.0524	-0.69904	-163.27439
21.0624	-0.69902	-161.17484
21.0724	-0.69908	-160.42917
21.0824	-0.69903	-159.07149
21.0924	-0.69903	-162.80107
21.1024	-0.69902	-162.64448
21.1124	-0.69899	-162.37263
21.1224	-0.69902	-163.01598
21.1324	-0.69905	-158.48047
21.1424	-0.69902	-157.2255
21.1524	-0.69899	-157.36687
21.1624	-0.69903	-156.77688
21.1724	-0.69902	-158.97231
21.1824	-0.69901	-159.53998
21.1924	-0.69901	-158.61347
21.2024	-0.69902	-159.6118
21.2124	-0.69903	-156.47812
21.2224	-0.69902	-159.88766
21.2324	-0.69898	-157.0028
21.2424	-0.69898	-160.33152
21.2524	-0.69906	-161.21203
21.2624	-0.69899	-161.66406
21.2724	-0.699	-160.52675
21.2824	-0.69903	-161.49325
21.2924	-0.69901	-158.33764
21.3024	-0.69902	-158.6164
21.3124	-0.69902	-159.08539
21.3224	-0.69902	-162.82766
21.3324	-0.69901	-162.16292
21.3424	-0.699	-162.16117
21.3524	-0.69903	-160.42185
21.3624	-0.699	-157.47989
21.3724	-0.69903	-160.66942
21.3824	-0.69898	-159.46954
21.3924	-0.69903	-160.97094
21.4024	-0.69901	-160.76355
21.4124	-0.699	-160.41304
21.4224	-0.699	-161.98128
21.4324	-0.69903	-162.44253
21.4424	-0.69902	-160.50772
21.4524	-0.69898	-159.02404
21.4624	-0.69899	-156.18096
21.4724	-0.69896	-158.36122
21.4824	-0.69903	-159.20612
21.4924	-0.69901	-160.11086
21.5024	-0.69899	-158.5187
21.5124	-0.69904	-159.01823
21.5224	-0.69893	-158.13193
21.5324	-0.699	-157.90479
21.5424	-0.69904	-161.59306
21.5524	-0.69901	-159.96531
21.5624	-0.69895	-157.37071
21.5724	-0.69903	-157.13798
21.5824	-0.69897	-159.14854
21.5924	-0.69905	-160.62374
21.6024	-0.699	-160.99163
21.6124	-0.69898	-161.21744
21.6224	-0.69901	-161.1233
21.6324	-0.69899	-161.11528
21.6424	-0.699	-161.85749
21.6524	-0.69896	-160.99898
21.6624	-0.69898	-161.17416
21.6724	-0.69898	-159.56928
21.6824	-0.69903	-159.15558
21.6924	-0.69899	-160.51972
21.7024	-0.699	-158.78253
21.7124	-0.69902	-158.45468
21.7224	-0.699	-159.71516
21.7324	-0.69899	-161.36991
21.7424	-0.69899	-161.29454
21.7524	-0.69904	-161.21561
21.7624	-0.69899	-158.87528
21.7724	-0.699	-158.20213
21.7824	-0.69903	-159.27897
21.7924	-0.69902	-158.82542
21.8024	-0.69904	-159.66897
21.8124	-0.69907	-162.1532
21.8224	-0.69895	-156.23785
21.8324	-0.69897	-158.67724
21.8424	-0.69901	-157.1477
21.8524	-0.699	-157.00704
21.8624	-0.69901	-158.96994
21.8724	-0.69901	-155.73082
21.8824	-0.69898	-158.69807
21.8924	-0.69904	-158.00082
21.9024	-0.69899	-158.0723
21.9124	-0.69897	-160.07662
21.9224	-0.69899	-159.46405
21.9324	-0.69896	-159.96255
21.9424	-0.69901	-162.08492
21.9524	-0.69903	-163.73841
21.9538	-0.69903	-153.58376
21.9552	-0.69896	-163.76441
21.9652	-0.699	-165.16682
21.9686	-0.69899	-154.54003
21.9698	-0.69899	-164.66642
21.9798	-0.69898	-161.02807
21.9898	-0.69903	-159.72338
21.9998	-0.69906	-159.20382
22.0098	-0.69893	-159.59506
22.0198	-0.69898	-163.37022
22.0298	-0.69896	-162.94946
22.0398	-0.69898	-161.88281
22.0498	-0.69901	-160.29112
22.0598	-0.69902	-158.80441
22.0698	-0.69899	-157.94984
22.0798	-0.69896	-158.02091
22.0898	-0.699	-160.55755
22.0998	-0.69899	-157.25067
22.1098	-0.69896	-159.05596
22.1198	-0.69901	-158.83651
22.1298	-0.699	-159.36412
22.1398	-0.69895	-158.13166
22.1498	-0.699	-159.07395
22.1598	-0.69899	-159.18015
22.1698	-0.69906	-162.90456
22.1798	-0.69904	-161.4294
22.1898	-0.69904	-162.08809
22.1998	-0.69902	-158.59237
22.2098	-0.69901	-157.36209
22.2198	-0.69898	-161.97127
22.2298	-0.69903	-163.87935
22.2398	-0.69896	-162.05189
22.2498	-0.69897	-163.25309
22.2598	-0.69903	-161.89068
22.2698	-0.69899	-159.63542
22.2798	-0.69906	-161.78764
22.2898	-0.69905	-160.13767
22.2998	-0.699	-159.76316
22.3098	-0.699	-158.2667
22.3198	-0.69902	-158.64613
22.3298	-0.69902	-159.725
22.3398	-0.69899	-163.27435
22.3498	-0.69898	-162.69183
22.3598	-0.69901	-161.54087
22.3698	-0.69895	-159.04082
22.3798	-0.69896	-156.38281
22.3898	-0.69899	-156.76828
22.3998	-0.69899	-158.93022
22.4098	-0.69899	-161.50258
22.4198	-0.69903	-163.24962
22.4298	-0.699	-163.08064
22.4398	-0.69903	-160.56129
22.4498	-0.69906	-158.1685
22.4598	-0.69903	-159.30841
22.4698	-0.69902	-159.95897
22.4798	-0.69899	-157.51094
22.4898	-0.69906	-159.80156
22.4998	-0.69899	-157.61263
22.5098	-0.69898	-160.07507
22.5198	-0.69904	-161.61422
22.5298	-0.69904	-161.10657
22.5398	-0.699	-159.00683
22.5498	-0.69903	-159.08455
22.5598	-0.699	-158.3627
22.5698	-0.69899	-159.09004
22.5798	-0.69898	-158.93278
22.5898	-0.69901	-160.02895
22.5998	-0.69896	-160.72775
22.6098	-0.69902	-160.62965
22.6198	-0.69899	-159.62847
22.6298	-0.69899	-157.17214
22.6398	-0.69902	-160.29361
22.6498	-0.699	-159.0157
22.6598	-0.69901	-159.80932
22.6698	-0.69899	-159.51549
22.6798	-0.69898	-159.17065
22.6898	-0.69901	-158.20116
22.6998	-0.69901	-158.77286
22.7098	-0.69901	-160.71095
22.7198	-0.69901	-160.76892
22.7298	-0.69898	-157.30548
22.7398	-0.69901	-157.91224
22.7498	-0.69904	-160.0651
22.7598	-0.69899	-160.27867
22.7698	-0.69899	-160.33334
22.7798	-0.69903	-158.28536
22.7898	-0.69902	-157.70767
22.7998	-0.69897	-157.41196
22.8098	-0.699	-157.12661
22.8198	-0.69901	-158.69162
22.8298	-0.699	-157.34109
22.8398	-0.69903	-160.51524
22.8498	-0.69899	-158.8713
22.8598	-0.699	-158.89104
22.8698	-0.69903	-158.04878
22.8798	-0.69902	-158.59897
22.8898	-0.69903	-158.2661
22.8998	-0.69896	-160.20039
22.9098	-0.69901	-163.46996
22.911	-0.69898	-153.1491
22.9144	-0.69897	-164.08359
22.916	-0.69899	-153.29752
22.9194	-0.69901	-163.41517
22.9294	-0.69895	-159.43502
22.9394	-0.69902	-159.26965
22.9494	-0.69906	-160.68343
22.9594	-0.69902	-158.85767
22.9694	-0.69903	-160.68815
22.9794	-0.69901	-161.6078
22.9894	-0.69901	-160.45199
22.9994	-0.69903	-158.85325
23.0094	-0.69898	-157.45128
23.0194	-0.69899	-159.09137
23.0294	-0.69899	-160.15713
23.0394	-0.69897	-158.95593
23.0494	-0.69898	-159.77547
23.0594	-0.69902	-158.15883
23.0694	-0.69902	-158.01758
23.0794	-0.69898	-160.26411
23.0894	-0.69899	-161.97572
23.0994	-0.69903	-159.82971
23.1094	-0.69897	-161.07637
23.1194	-0.69904	-160.96517
23.1294	-0.69901	-161.76578
23.1394	-0.699	-159.14239
23.1494	-0.69902	-157.83691
23.1594	-0.69904	-160.98666
23.1694	-0.69901	-163.64527
23.1732	-0.699	-153.11871
23.1746	-0.69905	-163.90223
23.178	-0.69898	-153.49912
23.188	-0.69901	-155.72398
23.198	-0.69901	-157.07177
23.208	-0.69903	-160.99398
23.218	-0.69892	-158.40287
23.228	-0.699	-158.62966
23.238	-0.69905	-159.41028
23.248	-0.699	-158.19695
23.258	-0.699	-159.09328
23.268	-0.69901	-158.46892
23.278	-0.69905	-157.31229
23.288	-0.69904	-159.05427
23.298	-0.69903	-156.79807
23.308	-0.699	-156.52141
23.318	-0.69901	-154.26041
23.328	-0.69902	-158.39423
23.338	-0.69902	-154.75138
23.348	-0.69901	-159.28275
23.358	-0.69899	-156.06382
23.368	-0.69904	-154.59331
23.378	-0.69897	-152.67048
23.3816	-0.69904	-163.26747
23.3916	-0.69896	-161.55755
23.4016	-0.69897	-156.70315
23.4116	-0.69903	-156.95529
23.4216	-0.69901	-157.17113
23.4316	-0.699	-157.86023
23.4416	-0.69899	-160.56146
23.4516	-0.69901	-156.77709
23.4616	-0.69899	-155.81206
23.4716	-0.69902	-155.52061
23.4816	-0.69902	-153.37932
23.4852	-0.69901	-164.08889
23.4864	-0.69896	-153.13498
23.4876	-0.69901	-163.7096
23.489	-0.69898	-153.51486
23.4928	-0.69897	-164.28078
23.4964	-0.69899	-153.97185
23.5064	-0.69907	-155.63445
23.5164	-0.69901	-156.87354
23.5264	-0.69899	-157.29819
23.5364	-0.69902	-158.2832
23.5464	-0.699	-158.36251
23.5564	-0.69899	-156.53964
23.5664	-0.699	-158.45514
23.5764	-0.69903	-157.27055
23.5864	-0.699	-159.21943
23.5964	-0.69896	-158.59159
23.6064	-0.69902	-159.04274
23.6164	-0.69893	-156.98413
23.6264	-0.69897	-158.31904
23.6364	-0.69903	-158.43473
23.6464	-0.69899	-160.41915
23.6564	-0.69903	-160.27408
23.6664	-0.69903	-156.38012
23.6764	-0.69898	-158.59216
23.6864	-0.69901	-157.69048
23.6964	-0.69901	-156.73339
23.7064	-0.69898	-156.94009
23.7164	-0.69901	-158.61991
23.7264	-0.69901	-159.12619
23.7364	-0.69899	-157.51156
23.7464	-0.69902	-158.38528
23.7564	-0.69898	-161.83093
23.7664	-0.69897	-159.5313
23.7764	-0.69898	-160.70764
23.7864	-0.69898	-158.71103
23.7964	-0.69899	-157.285
23.8064	-0.69899	-161.36067
23.8164	-0.69897	-161.40113
23.8228	-0.69899	-151.2113
23.8262	-0.69899	-162.7054
23.8362	-0.69896	-160.01376
23.8462	-0.69899	-157.10785
23.8562	-0.699	-160.94829
23.8662	-0.69902	-160.02831
23.8762	-0.69903	-165.29339
23.8772	-0.69898	-154.34405
23.8872	-0.69897	-154.38729
23.8972	-0.69899	-156.10318
23.9072	-0.69903	-157.69227
23.9172	-0.69899	-158.16774
23.9272	-0.699	-160.71876
23.9372	-0.69901	-160.43113
23.9472	-0.69899	-158.57938
23.9572	-0.69899	-157.01798
23.9672	-0.69901	-158.1181
23.9772	-0.699	-154.92203
23.9872	-0.69901	-158.01825
23.9972	-0.69899	-157.54388
24.0072	-0.69899	-160.58181
24.0172	-0.69899	-161.04616
24.0272	-0.69902	-159.0156
24.0372	-0.69901	-154.49034
24.0472	-0.69899	-155.18816
24.0572	-0.69901	-155.54039
24.0672	-0.69898	-157.49272
24.0772	-0.69901	-156.63296
24.0872	-0.69903	-160.67141
24.0972	-0.69898	-158.17889
24.1072	-0.69902	-154.3427
24.1172	-0.69901	-154.98266
24.1272	-0.699	-155.98556
24.1372	-0.69902	-158.61109
24.1472	-0.69903	-159.27813
24.1572	-0.69906	-160.87182
24.1672	-0.69895	-159.49165
24.1772	-0.69899	-159.46975
24.1872	-0.69898	-156.43239
24.1972	-0.699	-154.6491
24.2072	-0.69898	-156.77628
24.2172	-0.69901	-157.57385
24.2272	-0.69896	-160.35335
24.2372	-0.69901	-156.70049
24.2472	-0.69899	-158.35576
24.2572	-0.69895	-155.46331
24.2672	-0.69903	-159.17638
24.2772	-0.69903	-160.47447
24.2872	-0.69896	-159.39428
24.2972	-0.69897	-158.76439
24.3072	-0.69901	-158.83604
24.3172	-0.69894	-159.47778
24.3272	-0.69897	-158.79543
24.3372	-0.69899	-159.8037
24.3472	-0.69895	-158.04332
24.3572	-0.69899	-158.63777
24.3672	-0.69903	-160.24579
24.3772	-0.69899	-159.92767
24.3872	-0.69896	-157.73725
24.3972	-0.699	-156.37541
24.4072	-0.69901	-154.95142
24.4172	-0.69895	-153.99381
24.4272	-0.69901	-154.50307
24.4372	-0.69897	-155.10518
24.4472	-0.69898	-157.31851
24.4572	-0.69899	-158.72187
24.4672	-0.69902	-159.0959
24.4772	-0.69901	-158.27979
24.4872	-0.69906	-158.01578
24.4972	-0.69899	-157.52242
24.5072	-0.69894	-158.51903
24.5172	-0.69896	-157.69051
24.5272	-0.69903	-157.22343
24.5372	-0.69902	-158.47759
24.5472	-0.69898	-158.67852
24.5572	-0.699	-157.50209
24.5672	-0.699	-157.42584
24.5772	-0.69903	-158.76709
24.5872	-0.69895	-157.38624
24.5972	-0.69899	-159.06271
24.6072	-0.69902	-156.57292
24.6172	-0.69898	-155.76138
24.6272	-0.699	-157.08838
24.6372	-0.69899	-158.41403
24.6472	-0.69902	-156.59721
24.6572	-0.69899	-156.70352
24.6672	-0.69899	-157.19291
24.6772	-0.69899	-156.00739
24.6872	-0.69898	-156.24069
24.6972	-0.69902	-158.36555
24.7072	-0.69899	-158.43996
24.7172	-0.69898	-158.75949
24.7272	-0.69904	-158.0265
24.7372	-0.69903	-159.44903
24.7472	-0.69899	-160.6732
24.7572	-0.69896	-161.39549
24.7672	-0.69898	-160.54135
24.7772	-0.69899	-159.03581
24.7872	-0.699	-157.74641
24.7972	-0.69897	-158.15012
24.8072	-0.69905	-158.85588
24.8172	-0.69901	-158.70282
24.8272	-0.69901	-160.18448
24.8372	-0.699	-160.28518
24.8472	-0.69899	-160.06157
24.8572	-0.69904	-159.5068
24.8672	-0.699	-161.65431
24.8772	-0.69899	-161.10468
24.8872	-0.699	-155.96109
24.8972	-0.69897	-156.00496
24.9072	-0.69896	-157.34837
24.9172	-0.69904	-158.50762
24.9272	-0.699	-160.41439
24.9372	-0.69892	-159.87852
24.9472	-0.69899	-160.00921
24.9572	-0.69901	-158.85981
24.9672	-0.69902	-158.90606
24.9772	-0.69895	-158.96168
24.9872	-0.69898	-158.3381
24.9972	-0.69898	-157.44742
25.0072	-0.69901	-157.83768
25.0172	-0.69899	-159.02222
25.0272	-0.69905	-160.15692
25.0372	-0.69899	-160.92579
25.0472	-0.699	-160.53349
25.0572	-0.69898	-155.0158
25.0672	-0.69901	-154.71078
25.0772	-0.69902	-156.68654
25.0872	-0.69899	-157.1017
25.0972	-0.69896	-160.37085
25.1072	-0.69895	-159.631
25.1172	-0.69897	-158.26159
25.1272	-0.69896	-155.9343
25.1372	-0.69904	-154.82715
25.1472	-0.69901	-154.95553
25.1572	-0.69901	-155.2975
25.1672	-0.699	-157.94973
25.1772	-0.69902	-157.73317
25.1872	-0.69904	-155.64147
25.1972	-0.69902	-158.86179
25.2072	-0.69899	-155.91677
25.2172	-0.69899	-155.92697
25.2272	-0.69901	-160.23897
25.2372	-0.69899	-156.26331
25.2472	-0.69895	-156.64705
25.2572	-0.69899	-155.60013
25.2672	-0.69899	-156.31925
25.2772	-0.699	-160.05853
25.2872	-0.69902	-159.23908
25.2972	-0.699	-158.88263
25.3072	-0.69902	-157.17568
25.3172	-0.69896	-159.831
25.3272	-0.69899	-157.78812
25.3372	-0.69903	-157.26916
25.3472	-0.69902	-156.16354
25.3572	-0.69901	-157.39222
25.3672	-0.69898	-159.54348
25.3772	-0.69901	-160.18973
25.3872	-0.69895	-158.67742
25.3972	-0.69899	-157.18973
25.4072	-0.69903	-158.04548
25.4172	-0.69895	-156.21166
25.4272	-0.69899	-156.39246
25.4372	-0.69897	-158.00755
25.4472	-0.69901	-157.66503
25.4572	-0.69897	-156.04937
25.4672	-0.699	-156.01356
25.4772	-0.69903	-159.39179
25.4872	-0.69902	-158.90672
25.4972	-0.69905	-156.44761
25.5072	-0.69901	-158.29342
25.5172	-0.69896	-155.35267
25.5272	-0.699	-158.91327
25.5372	-0.69899	-160.13192
25.5472	-0.69902	-159.33878
25.5572	-0.69904	-157.85633
25.5672	-0.69903	-156.55765
25.5772	-0.699	-156.4035
25.5872	-0.69899	-155.1611
25.5972	-0.69898	-157.39963
25.6072	-0.69897	-155.72526
25.6172	-0.69898	-155.35369
25.6272	-0.69896	-155.83275
25.6372	-0.69899	-157.76047
25.6472	-0.69897	-156.76368
25.6572	-0.69896	-156.0588
25.6672	-0.69899	-156.47423
25.6772	-0.69896	-160.49526
25.6872	-0.69899	-160.77438
25.6972	-0.69901	-158.9874
25.7072	-0.69898	-157.29734
25.7172	-0.69904	-158.82931
25.7272	-0.69898	-159.47423
25.7372	-0.69901	-161.85236
25.7472	-0.69906	-159.7684
25.7572	-0.69903	-157.149
25.7672	-0.69903	-157.7308
25.7772	-0.69901	-157.18432
25.7872	-0.69899	-157.59122
25.7972	-0.69899	-158.91079
25.8072	-0.69898	-157.18263
25.8172	-0.699	-161.17184
25.8272	-0.69899	-159.91009
25.8372	-0.69899	-156.62118
25.8472	-0.69907	-157.04745
25.8572	-0.69899	-156.1724
25.8672	-0.69907	-155.53843
25.8772	-0.69899	-156.62052
25.8872	-0.69899	-158.00545
25.8972	-0.69897	-159.12656
25.9072	-0.69903	-154.81052
25.9172	-0.69899	-154.12785
25.9272	-0.69904	-154.0452
25.9372	-0.69901	-155.92617
25.9472	-0.699	-154.70562
25.9572	-0.69898	-153.59538
25.9672	-0.69904	-155.45169
25.9772	-0.69904	-153.89182
25.9872	-0.69903	-154.84777
25.9972	-0.69897	-155.17774
26.0072	-0.69898	-158.3238
26.0172	-0.69895	-156.41193
26.0272	-0.69898	-156.87574
26.0372	-0.69903	-156.23088
26.0472	-0.699	-157.53426
26.0572	-0.69901	-158.83546
26.0672	-0.699	-159.5804
26.0772	-0.69899	-160.45978
26.0872	-0.69901	-156.56629
26.0972	-0.69896	-154.27837
26.1072	-0.69897	-154.43221
26.1172	-0.69903	-152.30505
26.1272	-0.699	-155.1871
26.1372	-0.69903	-157.65337
26.1472	-0.699	-158.92611
26.1572	-0.69905	-158.29795
26.1672	-0.69902	-158.59335
26.1772	-0.69897	-154.71846
26.1872	-0.69901	-154.28911
26.1972	-0.69901	-156.75363
26.2072	-0.69902	-156.42266
26.2172	-0.69898	-158.22199
26.2272	-0.699	-158.81548
26.2372	-0.69899	-156.34224
26.2472	-0.69903	-156.64833
26.2572	-0.69899	-153.89028
26.2672	-0.69902	-153.2761
26.2772	-0.69897	-156.37468
26.2872	-0.69899	-158.32252
26.2972	-0.69899	-155.19747
26.3072	-0.69902	-153.8682
26.3172	-0.69903	-155.84824
26.3272	-0.69903	-158.03721
26.3372	-0.69899	-157.20354
26.3472	-0.69897	-156.8708
26.3572	-0.699	-156.02784
26.3672	-0.69904	-160.47977
26.3772	-0.69901	-156.72119
26.3872	-0.69896	-153.91109
26.3972	-0.69901	-157.90241
26.4072	-0.69902	-158.81065
26.4172	-0.69903	-157.72714
26.4272	-0.69901	-158.54202
26.4372	-0.69898	-159.51768
26.4472	-0.69897	-160.20596
26.4572	-0.699	-159.43266
26.4672	-0.69902	-158.3296
26.4772	-0.69899	-161.41827
26.4872	-0.69898	-160.24224
26.4972	-0.69901	-157.46929
26.5072	-0.69898	-161.07461
26.5172	-0.69899	-158.87633
26.5272	-0.69901	-158.01956
26.5372	-0.69897	-157.04033
26.5472	-0.69899	-155.2858
26.5572	-0.699	-157.97499
26.5672	-0.69901	-157.28544
26.5772	-0.69898	-158.7677
26.5872	-0.69898	-158.76221
26.5972	-0.69897	-158.51506
26.6072	-0.69902	-156.30451
26.6172	-0.699	-155.50508
26.6272	-0.69904	-155.65624
26.6372	-0.69898	-158.75581
26.6472	-0.69897	-158.48583
26.6572	-0.69896	-157.82582
26.6672	-0.69901	-159.31357
26.6772	-0.69896	-156.32725
26.6872	-0.69899	-160.19357
26.6972	-0.69902	-156.11573
26.7072	-0.69899	-157.53602
26.7172	-0.69896	-162.00825
26.7272	-0.699	-158.43266
26.7372	-0.69901	-159.68001
26.7472	-0.69898	-159.87928
26.7572	-0.69899	-158.37459
26.7672	-0.699	-160.22894
26.7772	-0.69898	-159.89622
26.7872	-0.69897	-160.55294
26.7972	-0.69899	-158.56382
26.8072	-0.69906	-157.6242
26.8172	-0.69901	-157.24908
26.8272	-0.69904	-157.66572
26.8372	-0.699	-156.68373
26.8472	-0.69901	-156.01061
26.8572	-0.69905	-157.62249
26.8672	-0.69899	-156.45253
26.8772	-0.69898	-156.86851
26.8872	-0.69901	-157.79494
26.8972	-0.69904	-157.36542
26.9072	-0.69899	-158.94618
26.9172	-0.699	-155.42135
26.9272	-0.69901	-154.19933
26.9372	-0.69899	-152.89572
26.9472	-0.69902	-155.75439
26.9572	-0.69903	-156.17452
26.9672	-0.69899	-157.2198
26.9772	-0.69899	-154.58725
26.9872	-0.69895	-154.84348
26.9972	-0.69898	-157.05821
27.0072	-0.69901	-156.74865
27.0172	-0.69893	-157.02481
27.0272	-0.69898	-154.99349
27.0372	-0.69902	-156.98966
27.0472	-0.699	-157.04009
27.0572	-0.69899	-156.34708
27.0672	-0.69899	-155.40782
27.0772	-0.69899	-154.54148
27.0872	-0.69899	-154.85651
27.0972	-0.69902	-154.3238
27.1072	-0.69899	-153.73796
27.1172	-0.69901	-155.81382
27.1272	-0.699	-155.48015
27.1372	-0.69899	-156.29548
27.1472	-0.69901	-156.64598
27.1572	-0.69898	-158.43182
27.1672	-0.69902	-155.18519
27.1772	-0.69897	-154.89067
27.1872	-0.69899	-155.18859
27.1972	-0.699	-156.93701
27.2072	-0.69896	-158.38911
27.2172	-0.69899	-157.06892
27.2272	-0.69898	-155.9614
27.2372	-0.69899	-153.04498
27.2472	-0.69899	-154.55119
27.2572	-0.69898	-156.34672
27.2672	-0.69901	-156.22609
27.2772	-0.69896	-156.89746
27.2872	-0.69894	-155.61949
27.2972	-0.69901	-155.9366
27.3072	-0.69895	-156.80614
27.3172	-0.69898	-156.11464
27.3272	-0.69898	-156.17583
27.3372	-0.69897	-157.62825
27.3472	-0.69897	-157.34288
27.3572	-0.69896	-155.07855
27.3672	-0.69902	-156.70348
27.3772	-0.699	-156.68475
27.3872	-0.69899	-154.83538
27.3972	-0.69898	-155.58588
27.4072	-0.69894	-157.27831
27.4172	-0.69899	-159.32504
27.4272	-0.69898	-161.09118
27.4284	-0.699	-150.60135
27.4296	-0.699	-160.6692
27.4396	-0.69904	-160.21956
27.4496	-0.69898	-155.47622
27.4596	-0.69897	-153.56117
27.4696	-0.69899	-152.71902
27.4756	-0.69897	-162.78086
27.477	-0.69901	-152.49593
27.487	-0.69899	-155.59473
27.497	-0.69899	-159.9394
27.507	-0.69898	-157.77007
27.517	-0.699	-157.70584
27.527	-0.69903	-158.00492
27.537	-0.69898	-155.05582
27.547	-0.69898	-154.52734
27.557	-0.69895	-157.42076
27.567	-0.69893	-159.58406
27.577	-0.69898	-159.00831
27.587	-0.699	-158.5239
27.597	-0.69901	-158.22275
27.607	-0.69901	-156.79667
27.617	-0.69894	-156.40224
27.627	-0.69899	-155.5867
27.637	-0.69899	-156.49202
27.647	-0.69897	-159.20799
27.657	-0.69898	-155.74817
27.667	-0.69899	-155.33534
27.677	-0.69899	-154.50337
27.687	-0.699	-155.64495
27.697	-0.69903	-154.97579
27.707	-0.69899	-156.48595
27.717	-0.69904	-155.3919
27.727	-0.69898	-155.19241
27.737	-0.699	-152.92686
27.747	-0.69899	-154.94761
27.757	-0.69897	-155.0904
27.767	-0.69896	-157.04677
27.777	-0.69902	-156.49854
27.787	-0.69896	-155.08677
27.797	-0.69899	-151.95671
27.807	-0.69897	-153.7078
27.817	-0.69898	-153.49448
27.827	-0.69901	-154.39117
27.837	-0.69899	-154.91571
27.847	-0.69898	-154.72192
27.857	-0.69899	-154.81605
27.867	-0.69899	-155.61295
27.877	-0.69898	-156.02326
27.887	-0.69899	-157.7755
27.897	-0.69895	-154.21696
27.907	-0.699	-156.6726
27.917	-0.69904	-157.35547
27.927	-0.699	-158.08496
27.937	-0.69901	-153.59399
27.947	-0.699	-158.76086
27.957	-0.69898	-156.93628
27.967	-0.699	-157.65058
27.977	-0.69901	-155.71652
27.987	-0.69899	-156.84239
27.997	-0.69899	-153.64392
28.007	-0.699	-154.91516
28.017	-0.69896	-155.59996
28.027	-0.69899	-155.93659
28.037	-0.69898	-154.94896
28.047	-0.69903	-155.56073
28.057	-0.69898	-155.90862
28.067	-0.699	-157.0849
28.077	-0.69898	-155.09356
28.087	-0.69898	-154.5141
28.097	-0.69898	-152.72245
28.107	-0.69898	-156.68424
28.117	-0.69901	-159.0398
28.127	-0.69893	-156.96574
28.137	-0.69901	-157.10414
28.147	-0.69899	-158.61229
28.157	-0.699	-156.30829
28.167	-0.69903	-155.64395
28.177	-0.69896	-154.54492
28.187	-0.69899	-156.57325
28.197	-0.699	-155.83601
28.207	-0.69899	-154.60454
28.217	-0.69896	-153.92484
28.227	-0.69899	-156.18242
28.237	-0.699	-155.44845
28.247	-0.69902	-156.02529
28.257	-0.69902	-156.42878
28.267	-0.699	-154.34465
28.277	-0.69901	-155.74859
28.287	-0.69895	-155.688
28.297	-0.69899	-156.3737
28.307	-0.69899	-155.50792
28.317	-0.69906	-155.34116
28.327	-0.69899	-154.99531
28.337	-0.69898	-154.99171
28.347	-0.69899	-155.57703
28.357	-0.69899	-155.58399
28.367	-0.69902	-154.17427
28.377	-0.69897	-155.06137
28.387	-0.69898	-156.77777
28.397	-0.69903	-156.26222
28.407	-0.69902	-154.89745
28.417	-0.69899	-155.69914
28.427	-0.69896	-154.73361
28.437	-0.69896	-154.51181
28.447	-0.69897	-152.63497
28.457	-0.69903	-152.09142
28.467	-0.69905	-152.22182
28.477	-0.69898	-158.89667
28.487	-0.69899	-157.96368
28.497	-0.69901	-156.10598
28.507	-0.69899	-154.81017
28.517	-0.69898	-155.73137
28.527	-0.69901	-155.40387
28.537	-0.69903	-155.72213
28.547	-0.69899	-157.38415
28.557	-0.69899	-156.51074
28.567	-0.69901	-158.35586
28.577	-0.69899	-158.45094
28.587	-0.69897	-156.57866
28.597	-0.69903	-157.63852
28.607	-0.69901	-157.88935
28.617	-0.699	-159.06112
28.627	-0.69899	-157.89082
28.637	-0.69901	-155.38778
28.647	-0.69899	-153.27055
28.657	-0.69899	-156.35379
28.667	-0.69898	-154.69067
28.677	-0.69897	-155.85678
28.687	-0.69902	-158.91435
28.697	-0.69897	-157.12607
28.707	-0.699	-155.85877
28.717	-0.69899	-153.58698
28.727	-0.699	-155.15778
28.737	-0.69902	-154.58774
28.747	-0.69901	-154.14591
28.757	-0.69901	-154.41636
28.767	-0.69902	-156.7652
28.777	-0.69901	-156.95726
28.787	-0.699	-156.21065
28.797	-0.69894	-156.67135
28.807	-0.69906	-154.99946
28.817	-0.69901	-155.04907
28.827	-0.69899	-153.05018
28.837	-0.69904	-155.48149
28.847	-0.69902	-157.41361
28.857	-0.69899	-160.09162
28.867	-0.69899	-156.52887
28.877	-0.69899	-154.20977
28.887	-0.699	-157.50676
28.897	-0.69899	-158.64327
28.907	-0.69903	-157.80401
28.917	-0.69897	-155.68268
28.927	-0.699	-155.86508
28.937	-0.69898	-158.09044
28.947	-0.699	-159.88039
28.957	-0.69901	-158.99592
28.967	-0.69901	-154.89472
28.977	-0.69903	-153.51097
28.987	-0.69899	-155.92663
28.997	-0.69897	-159.77506
29.007	-0.699	-160.42345
29.017	-0.69901	-160.0423
29.027	-0.69902	-159.28634
29.037	-0.699	-156.93283
29.047	-0.69904	-158.19992
29.057	-0.69895	-156.56835
29.067	-0.69901	-155.64474
29.077	-0.69901	-156.94255
29.087	-0.69901	-157.00284
29.097	-0.699	-156.35229
29.107	-0.69903	-158.37567
29.117	-0.699	-155.02874
29.127	-0.69902	-156.48556
29.137	-0.69897	-157.01686
29.147	-0.69898	-152.45628
29.157	-0.69901	-150.99393
29.167	-0.699	-152.49211
29.177	-0.69903	-153.80418
29.187	-0.699	-154.97147
29.197	-0.69902	-156.19128
29.207	-0.69897	-154.18925
29.217	-0.69899	-153.08677
29.227	-0.69901	-152.57343
29.237	-0.69903	-151.21493
29.2408	-0.699	-161.65811
29.2446	-0.69903	-151.33439
29.2482	-0.69898	-161.37113
29.2494	-0.69901	-151.06185
29.2556	-0.69901	-161.17404
29.259	-0.69899	-150.55635
29.2626	-0.69896	-160.59182
29.2726	-0.69902	-157.95547
29.2826	-0.69902	-155.53566
29.2926	-0.69903	-153.79599
29.3026	-0.69896	-155.52789
29.3126	-0.69899	-155.02557
29.3226	-0.69898	-152.99258
29.3326	-0.699	-154.4168
29.3426	-0.69899	-156.99916
29.3526	-0.69904	-154.70778
29.3626	-0.69899	-153.28818
29.3726	-0.699	-150.37855
29.3758	-0.69898	-160.50052
29.3796	-0.69902	-150.34138
29.3808	-0.69895	-161.34003
29.3872	-0.699	-151.18535
29.3972	-0.69901	-155.40617
29.4072	-0.69895	-156.37684
29.4172	-0.69899	-155.29187
29.4272	-0.69898	-153.89507
29.4372	-0.69898	-154.86489
29.4472	-0.69902	-155.23919
29.4572	-0.699	-156.87725
29.4672	-0.69903	-154.24689
29.4772	-0.69898	-156.22521
29.4872	-0.699	-155.60994
29.4972	-0.699	-156.65078
29.5072	-0.69899	-158.18095
29.5172	-0.69896	-155.09271
29.5272	-0.69899	-156.58883
29.5372	-0.69903	-154.3366
29.5472	-0.699	-158.16661
29.5572	-0.69898	-156.87421
29.5672	-0.69896	-156.48126
29.5772	-0.69904	-157.29999
29.5872	-0.69896	-157.85113
29.5972	-0.69905	-157.36038
29.6072	-0.69899	-156.62356
29.6172	-0.699	-157.89878
29.6272	-0.69899	-158.49933
29.6372	-0.69896	-157.00677
29.6472	-0.69902	-156.99911
29.6572	-0.69898	-158.43501
29.6672	-0.69902	-156.94913
29.6772	-0.69895	-156.99153
29.6872	-0.69902	-156.11182
29.6972	-0.69901	-156.02178
29.7072	-0.69895	-158.93724
29.7172	-0.699	-160.47893
29.7272	-0.69902	-155.84516
29.7372	-0.69898	-158.76311
29.7472	-0.69904	-159.76758
29.7572	-0.69899	-157.96367
29.7672	-0.69901	-156.11494
29.7772	-0.69901	-158.30648
29.7872	-0.699	-154.64839
29.7972	-0.69901	-153.65275
29.8072	-0.69897	-153.46539
29.8172	-0.69901	-154.39556
29.8272	-0.69897	-156.5916
29.8372	-0.69901	-158.07689
29.8472	-0.69902	-157.39926
29.8572	-0.69901	-154.20071
29.8672	-0.69901	-153.60071
29.8772	-0.69899	-154.10184
29.8872	-0.69893	-155.93241
29.8972	-0.699	-156.17465
29.9072	-0.69902	-157.23869
29.9172	-0.699	-157.81171
29.9272	-0.69899	-153.56183
29.9372	-0.699	-154.42936
29.9472	-0.69896	-157.1628
29.9572	-0.69903	-155.59267
29.9672	-0.69902	-152.89706
29.9772	-0.69898	-155.5474
29.9872	-0.69904	-159.73335
29.9972	-0.69899	-158.4263
30.0072	-0.69899	-155.40685
30.0172	-0.699	-154.90987
30.0272	-0.699	-156.16391
30.0372	-0.69899	-156.09437
30.0472	-0.69898	-156.02349
30.0572	-0.69899	-157.9856
30.0672	-0.69897	-155.71487
30.0772	-0.69902	-159.80817
30.0872	-0.69901	-157.362
30.0972	-0.69897	-156.65398
30.1072	-0.69899	-155.40695
30.1172	-0.699	-157.0251
30.1272	-0.69896	-153.36764
30.1372	-0.69898	-157.01366
30.1472	-0.69903	-157.06114
30.1572	-0.69899	-157.24551
30.1672	-0.69898	-154.24371
30.1772	-0.69902	-155.08316
30.1872	-0.69895	-155.63019
30.1972	-0.69901	-157.12519
30.2072	-0.69894	-158.39514
30.2172	-0.69901	-156.68822
30.2272	-0.69899	-157.99769
30.2372	-0.69901	-156.68103
30.2472	-0.69899	-158.94041
30.2572	-0.69898	-156.12599
30.2672	-0.69901	-155.54954
30.2772	-0.69902	-155.1727
30.2872	-0.69901	-155.03137
30.2972	-0.699	-156.78289
30.3072	-0.69899	-159.85886
30.3172	-0.699	-159.17963
30.3272	-0.69902	-160.14847
30.3372	-0.69901	-158.2315
30.3472	-0.69898	-157.50454
30.3572	-0.69905	-155.71509
30.3672	-0.69898	-155.04972
30.3772	-0.69899	-155.76239
30.3872	-0.699	-154.66971
30.3972	-0.69908	-160.26964
30.4072	-0.69901	-159.18748
30.4172	-0.699	-157.70856
30.4272	-0.69902	-159.26999
30.4372	-0.69899	-159.18259
30.4472	-0.69901	-156.40862
30.4572	-0.69894	-155.23057
30.4672	-0.69902	-154.6037
30.4772	-0.69898	-157.74822
30.4872	-0.69903	-159.04224
30.4972	-0.69898	-156.53059
30.5072	-0.69895	-155.42167
30.5172	-0.69901	-155.62142
30.5272	-0.69901	-153.75154
30.5372	-0.69901	-155.78439
30.5472	-0.69897	-152.09694
30.5572	-0.69898	-156.2716
30.5672	-0.699	-155.77838
30.5772	-0.69898	-157.72137
30.5872	-0.69901	-153.29165
30.5972	-0.69899	-152.98454
30.6072	-0.699	-154.13873
30.6172	-0.69901	-154.4676
30.6272	-0.699	-156.65871
30.6372	-0.69898	-157.21109
30.6472	-0.69898	-157.18656
30.6572	-0.69899	-155.48052
30.6672	-0.69896	-152.59808
30.6772	-0.69902	-153.66548
30.6872	-0.69902	-154.39861
30.6972	-0.699	-154.94923
30.7072	-0.69898	-156.43978
30.7172	-0.69899	-156.08427
30.7272	-0.69898	-159.13277
30.7372	-0.69901	-158.54934
30.7472	-0.69898	-158.46648
30.7572	-0.69898	-154.88655
30.7672	-0.69898	-157.30548
30.7772	-0.69901	-154.83505
30.7872	-0.69904	-156.14231
30.7972	-0.699	-155.78853
30.8072	-0.69904	-155.93272
30.8172	-0.69903	-157.82449
30.8272	-0.69904	-158.0345
30.8372	-0.69896	-160.46825
30.8438	-0.699	-149.90411
30.8448	-0.69901	-160.66437
30.8462	-0.69899	-150.46651
30.8476	-0.69899	-160.49705
30.8576	-0.699	-158.83386
30.8676	-0.69898	-157.2531
30.8776	-0.69896	-157.38094
30.8876	-0.699	-157.70487
30.8976	-0.69898	-156.19281
30.9076	-0.69904	-157.42239
30.9176	-0.69898	-156.37491
30.9276	-0.69898	-157.02722
30.9376	-0.69902	-158.9187
30.9476	-0.69899	-157.28081
30.9576	-0.69899	-157.18562
30.9676	-0.69897	-157.23549
30.9776	-0.69903	-156.7784
30.9876	-0.699	-155.37317
30.9976	-0.699	-153.63895
31.0076	-0.69906	-153.14671
31.0176	-0.69901	-150.14332
31.0262	-0.69896	-160.46319
31.0362	-0.69897	-156.8434
31.0462	-0.699	-156.93146
31.0562	-0.69899	-157.05055
31.0662	-0.69903	-156.12297
31.0762	-0.69903	-155.00072
31.0862	-0.69896	-155.09153
31.0962	-0.699	-156.62172
31.1062	-0.69896	-156.25409
31.1162	-0.69898	-155.6695
31.1262	-0.69902	-157.88579
31.1362	-0.69898	-154.59122
31.1462	-0.69898	-156.11491
31.1562	-0.69898	-155.93358
31.1662	-0.699	-154.46747
31.1762	-0.69904	-153.42043
31.1862	-0.69901	-155.793
31.1962	-0.699	-157.6291
31.2062	-0.69905	-154.83062
31.2162	-0.69901	-154.44321
31.2262	-0.69899	-153.86686
31.2362	-0.69897	-156.12055
31.2462	-0.69898	-154.57037
31.2562	-0.69905	-154.42696
31.2662	-0.69899	-154.70152
31.2762	-0.69896	-154.6511
31.2862	-0.69901	-154.51739
31.2962	-0.69898	-155.24552
31.3062	-0.69897	-155.74196
31.3162	-0.69898	-156.44734
31.3262	-0.69902	-157.40926
31.3362	-0.69901	-154.86991
31.3462	-0.69899	-156.62751
31.3562	-0.69896	-156.53255
31.3662	-0.69896	-156.85379
31.3762	-0.69899	-156.60774
31.3862	-0.69902	-155.31647
31.3962	-0.69901	-156.12454
31.4062	-0.69897	-156.39672
31.4162	-0.699	-156.14367
31.4262	-0.69899	-157.6643
31.4362	-0.69896	-157.19456
31.4462	-0.69899	-153.86325
31.4562	-0.69899	-156.20977
31.4662	-0.69904	-157.46463
31.4762	-0.69904	-156.2899
31.4862	-0.69905	-155.58702
31.4962	-0.69897	-158.02034
31.5062	-0.69901	-155.00311
31.5162	-0.69901	-156.52303
31.5262	-0.69901	-154.26548
31.5362	-0.69899	-156.65169
31.5462	-0.69899	-157.82689
31.5562	-0.69894	-159.17271
31.5662	-0.69903	-156.44798
31.5762	-0.699	-155.99429
31.5862	-0.69896	-154.68557
31.5962	-0.69901	-155.53582
31.6062	-0.69898	-157.59248
31.6162	-0.69904	-156.13682
31.6262	-0.699	-155.73114
31.6362	-0.699	-157.80994
31.6462	-0.699	-156.27877
31.6562	-0.69897	-151.39531
31.6662	-0.69898	-153.01615
31.6762	-0.69897	-154.64869
31.6862	-0.69897	-154.14284
31.6962	-0.69897	-156.99621
31.7062	-0.69901	-153.2981
31.7162	-0.69901	-156.44832
31.7262	-0.69902	-157.06037
31.7362	-0.69898	-157.62481
31.7462	-0.69896	-154.63172
31.7562	-0.69901	-156.28174
31.7662	-0.699	-156.0812
31.7762	-0.69901	-156.50681
31.7862	-0.69899	-156.81651
31.7962	-0.69904	-157.18925
31.8062	-0.69898	-159.44076
31.8162	-0.69896	-160.68198
31.8262	-0.69899	-158.39684
31.8362	-0.699	-154.61197
31.8462	-0.69898	-152.6025
31.8562	-0.69903	-154.12787
31.8662	-0.69901	-157.99071
31.8762	-0.69899	-157.30784
31.8862	-0.69903	-155.27716
31.8962	-0.69903	-153.81364
31.9062	-0.69898	-156.90657
31.9162	-0.69898	-157.8494
31.9262	-0.69902	-156.80499
31.9362	-0.69901	-157.12264
31.9462	-0.69898	-158.26967
31.9562	-0.69897	-155.42702
31.9662	-0.69898	-155.22576
31.9762	-0.69902	-154.19783
31.9862	-0.69898	-156.16185
31.9962	-0.69901	-155.66442
32.0062	-0.69905	-155.14019
32.0162	-0.69898	-157.61536
32.0262	-0.69899	-155.91716
32.0362	-0.69903	-157.14548
32.0462	-0.69901	-155.72641
32.0562	-0.699	-153.41033
32.0662	-0.69896	-153.07319
32.0762	-0.69901	-152.66608
32.0862	-0.69899	-153.83551
32.0962	-0.69901	-154.51079
32.1062	-0.69903	-153.13147
32.1162	-0.69905	-152.60022
32.1262	-0.69899	-153.57335
32.1362	-0.69898	-153.24493
32.1462	-0.69901	-158.07852
32.1562	-0.699	-157.33977
32.1662	-0.69901	-156.0462
32.1762	-0.69904	-156.84826
32.1862	-0.69897	-155.17975
32.1962	-0.699	-153.99533
32.2062	-0.69903	-155.48429
32.2162	-0.69902	-153.45206
32.2262	-0.69898	-154.82745
32.2362	-0.69901	-155.51504
32.2462	-0.69898	-156.34382
32.2562	-0.69897	-154.20939
32.2662	-0.69896	-155.78257
32.2762	-0.69906	-152.81942
32.2862	-0.69902	-154.86194
32.2962	-0.699	-155.69704
32.3062	-0.69901	-158.24745
32.3162	-0.69898	-155.55095
32.3262	-0.69899	-155.23818
32.3362	-0.69901	-156.89685
32.3462	-0.69899	-156.1795
32.3562	-0.69899	-156.97086
32.3662	-0.69902	-154.62422
32.3762	-0.69899	-155.29866
32.3862	-0.69897	-156.09653
32.3962	-0.69898	-155.69555
32.4062	-0.69906	-153.50582
32.4162	-0.69898	-153.43308
32.4262	-0.69895	-154.58023
32.4362	-0.69897	-154.63989
32.4462	-0.69901	-151.41175
32.4562	-0.69902	-151.8334
32.4662	-0.69897	-155.57094
32.4762	-0.69899	-156.34318
32.4862	-0.69898	-155.72385
32.4962	-0.69899	-153.70563
32.5062	-0.699	-153.25351
32.5162	-0.699	-154.0152
32.5262	-0.69898	-155.39293
32.5362	-0.69903	-154.79903
32.5462	-0.69895	-156.83703
32.5562	-0.699	-156.63547
32.5662	-0.69899	-156.18399
32.5762	-0.69893	-155.13797
32.5862	-0.69895	-155.65166
32.5962	-0.69896	-153.99823
32.6062	-0.69898	-154.69814
32.6162	-0.69905	-156.50345
32.6262	-0.69897	-155.47386
32.6362	-0.69898	-158.14165
32.6462	-0.69898	-159.42052
32.6562	-0.69901	-156.74004
32.6662	-0.69901	-152.89437
32.6762	-0.69901	-154.45337
32.6862	-0.69897	-155.41313
32.6962	-0.699	-159.10042
32.7062	-0.69904	-156.74094
32.7162	-0.69896	-154.4129
32.7262	-0.69898	-155.18013
32.7362	-0.69905	-157.44462
32.7462	-0.69898	-159.18339
32.7562	-0.69901	-158.66898
32.7662	-0.69898	-156.34555
32.7762	-0.69897	-155.6015
32.7862	-0.69898	-157.8593
32.7962	-0.69899	-157.1855
32.8062	-0.69896	-155.65857
32.8162	-0.69896	-155.76799
32.8262	-0.69898	-154.41215
32.8362	-0.69899	-155.33003
32.8462	-0.69897	-155.01675
32.8562	-0.69904	-154.89805
32.8662	-0.699	-154.59193
32.8762	-0.699	-155.80149
32.8862	-0.69898	-154.99695
32.8962	-0.69903	-155.8621
32.9062	-0.69903	-157.62809
32.9162	-0.699	-156.54682
32.9262	-0.69901	-160.03764
32.9362	-0.69898	-155.39955
32.9462	-0.69899	-159.78789
32.9562	-0.69903	-157.98634
32.9662	-0.69898	-156.11421
32.9762	-0.69897	-154.76375
32.9862	-0.69899	-156.73265
32.9962	-0.69898	-154.68224
33.0062	-0.69903	-154.72247
33.0162	-0.69899	-153.85049
33.0262	-0.69899	-154.71744
33.0362	-0.69901	-157.56565
33.0462	-0.69898	-157.66703
33.0562	-0.69901	-155.29039
33.0662	-0.69904	-153.60582
33.0762	-0.69902	-153.51318
33.0862	-0.69898	-152.49442
33.0962	-0.69898	-154.51781
33.1062	-0.69901	-154.67121
33.1162	-0.69901	-158.03478
33.1262	-0.69903	-155.86893
33.1362	-0.69898	-156.88077
33.1462	-0.69897	-155.31512
33.1562	-0.69897	-154.0959
33.1662	-0.69899	-154.2038
33.1762	-0.69895	-155.38589
33.1862	-0.69901	-154.6105
33.1962	-0.69903	-153.98501
33.2062	-0.69896	-154.47725
33.2162	-0.69898	-154.64822
33.2262	-0.69895	-154.67486
33.2362	-0.69898	-158.09418
33.2462	-0.69899	-158.09854
33.2562	-0.69896	-158.72901
33.2662	-0.69901	-157.92564
33.2762	-0.69901	-154.79843
33.2862	-0.69898	-155.86623
33.2962	-0.69901	-158.17199
33.3062	-0.69901	-156.77509
33.3162	-0.69896	-154.5409
33.3262	-0.69903	-158.00173
33.3362	-0.69903	-156.41268
33.3462	-0.69899	-156.08657
33.3562	-0.69899	-156.28495
33.3662	-0.69898	-156.23471
33.3762	-0.69902	-157.35557
33.3862	-0.69899	-155.85329
33.3962	-0.69899	-154.3111
33.4062	-0.69901	-155.6938
33.4162	-0.69901	-156.74217
33.4262	-0.69902	-156.43052
33.4362	-0.69898	-156.80402
33.4462	-0.69898	-157.5348
33.4562	-0.69898	-156.38263
33.4662	-0.69895	-157.1324
33.4762	-0.69904	-155.73546
33.4862	-0.69901	-154.2907
33.4962	-0.69899	-157.13296
33.5062	-0.69901	-156.24535
33.5162	-0.69901	-155.79765
33.5262	-0.699	-155.66761
33.5362	-0.69902	-158.05547
33.5462	-0.69897	-159.12931
33.5526	-0.69896	-148.25851
33.5536	-0.69895	-159.65499
33.5636	-0.69898	-156.83108
33.5736	-0.69896	-155.15749
33.5836	-0.69899	-154.67792
33.5936	-0.69899	-156.28923
33.6036	-0.69899	-155.75046
33.6136	-0.69899	-153.34122
33.6236	-0.69903	-155.88306
33.6336	-0.69901	-157.00792
33.6436	-0.69898	-159.00831
33.6536	-0.699	-155.44516
33.6636	-0.69901	-154.89255
33.6736	-0.69902	-153.56201
33.6836	-0.69895	-154.82654
33.6936	-0.69899	-155.71938
33.7036	-0.69899	-154.41648
33.7136	-0.69899	-154.99245
33.7236	-0.69895	-153.42533
33.7336	-0.69899	-154.12931
33.7436	-0.69898	-155.48162
33.7536	-0.69903	-157.65515
33.7636	-0.69897	-155.25981
33.7736	-0.69901	-156.56379
33.7836	-0.69896	-155.41056
33.7936	-0.69895	-153.00103
33.8036	-0.69904	-154.929
33.8136	-0.69897	-154.51482
33.8236	-0.69896	-155.22036
33.8336	-0.699	-157.23776
33.8436	-0.69899	-153.88281
33.8536	-0.69899	-158.99798
33.8636	-0.69899	-159.80285
33.8736	-0.69896	-156.16682
33.8836	-0.69897	-155.67818
33.8936	-0.69897	-154.90122
33.9036	-0.69901	-157.44206
33.9136	-0.69901	-157.49858
33.9236	-0.69899	-157.47899
33.9336	-0.69899	-156.26884
33.9436	-0.69904	-154.37529
33.9536	-0.69898	-154.21176
33.9636	-0.69898	-154.84844
33.9736	-0.699	-156.45459
33.9836	-0.69901	-156.55671
33.9936	-0.69898	-156.18512
34.0036	-0.69902	-157.74259
34.0136	-0.69896	-154.50422
34.0236	-0.69899	-155.15914
34.0336	-0.69898	-155.64531
34.0436	-0.69899	-157.53072
34.0536	-0.69897	-155.13393
34.0636	-0.69898	-153.85908
34.0736	-0.69898	-156.54139
34.0836	-0.69899	-157.46214
34.0936	-0.69895	-157.30591
34.1036	-0.69893	-156.45628
34.1136	-0.69899	-156.64607
34.1236	-0.699	-158.56064
34.1336	-0.69903	-157.87727
34.1436	-0.69898	-155.68625
34.1536	-0.69899	-154.15581
34.1636	-0.69898	-154.54461
34.1736	-0.69898	-154.61298
34.1836	-0.699	-156.07033
34.1936	-0.69897	-155.73924
34.2036	-0.69899	-156.4473
34.2136	-0.69903	-155.5722
34.2236	-0.69897	-156.29554
34.2336	-0.69903	-156.00841
34.2436	-0.69897	-159.25012
34.2536	-0.69899	-153.24818
34.2636	-0.69897	-154.8613
34.2736	-0.69904	-155.71787
34.2836	-0.699	-156.80359
34.2936	-0.69901	-155.2026
34.3036	-0.69897	-154.47075
34.3136	-0.69899	-155.25306
34.3236	-0.69896	-156.34174
34.3336	-0.69898	-155.30108
34.3436	-0.69894	-154.40621
34.3536	-0.69904	-154.98139
34.3636	-0.69897	-152.78899
34.3736	-0.69898	-153.71309
34.3836	-0.69899	-155.22384
34.3936	-0.69898	-157.67635
34.4036	-0.69901	-159.90574
34.4048	-0.69899	-149.81421
34.4062	-0.69899	-159.85053
34.4162	-0.69899	-158.56791
34.4262	-0.69902	-154.0237
34.4362	-0.69896	-156.52981
34.4462	-0.69902	-156.00359
34.4562	-0.69896	-155.37236
34.4662	-0.699	-154.76839
34.4762	-0.69899	-156.60059
34.4862	-0.69896	-154.58039
34.4962	-0.69898	-154.37185
34.5062	-0.69893	-153.70811
34.5162	-0.69899	-156.22744
34.5262	-0.69899	-155.94237
34.5362	-0.69901	-156.63383
34.5462	-0.69899	-156.13283
34.5562	-0.69901	-155.1392
34.5662	-0.69903	-154.61728
34.5762	-0.69904	-154.71502
34.5862	-0.69898	-157.70524
34.5962	-0.699	-156.12787
34.6062	-0.69895	-157.75943
34.6162	-0.69899	-158.60445
34.6262	-0.699	-155.23571
34.6362	-0.69903	-155.81747
34.6462	-0.69901	-156.08595
34.6562	-0.69899	-158.37982
34.6662	-0.699	-157.96144
34.6762	-0.69899	-157.30832
34.6862	-0.69895	-156.12426
34.6962	-0.69901	-152.74506
34.7062	-0.69899	-153.92543
34.7162	-0.69895	-155.69607
34.7262	-0.69901	-155.40837
34.7362	-0.69903	-154.93217
34.7462	-0.69901	-154.97648
34.7562	-0.69897	-159.05194
34.7626	-0.69897	-148.82059
34.7636	-0.69903	-160.68643
34.7676	-0.69898	-149.89951
34.7776	-0.69894	-154.95135
34.7876	-0.69901	-154.25086
34.7976	-0.69903	-155.52352
34.8076	-0.69899	-153.6656
34.8176	-0.69899	-153.40527
34.8276	-0.69902	-152.8169
34.8376	-0.69901	-153.39585
34.8476	-0.699	-153.14959
34.8576	-0.69899	-156.007
34.8676	-0.69901	-155.55217
34.8776	-0.69896	-157.18491
34.8876	-0.69897	-156.10505
34.8976	-0.69896	-157.47355
34.9076	-0.69904	-152.6747
34.9176	-0.69901	-153.20954
34.9276	-0.69899	-157.76318
34.9376	-0.69895	-154.59601
34.9476	-0.69896	-157.01401
34.9576	-0.699	-156.18328
34.9676	-0.69903	-158.12164
34.9776	-0.69897	-154.52611
34.9876	-0.69898	-156.29459
34.9976	-0.699	-157.81859
35.0076	-0.699	-153.66005
35.0176	-0.699	-154.72062
35.0276	-0.69904	-153.2476
35.0376	-0.69894	-156.32791
35.0476	-0.69901	-156.30171
35.0576	-0.69902	-154.77254
35.0676	-0.69899	-154.67822
35.0776	-0.69896	-153.67213
35.0876	-0.69896	-156.48479
35.0976	-0.69899	-156.56998
35.1076	-0.69893	-154.16212
35.1176	-0.69903	-155.1149
35.1276	-0.69902	-156.28703
35.1376	-0.699	-154.97882
35.1476	-0.69901	-154.33517
35.1576	-0.699	-155.11235
35.1676	-0.69901	-155.61206
35.1776	-0.69898	-157.26803
35.1876	-0.69901	-156.17182
35.1976	-0.69899	-155.55636
35.2076	-0.699	-156.8115
35.2176	-0.69897	-154.21409
35.2276	-0.69895	-154.48659
35.2376	-0.69899	-154.99072
35.2476	-0.69904	-158.06458
35.2576	-0.69905	-158.32414
35.2676	-0.69898	-158.3719
35.2776	-0.69906	-154.89762
35.2876	-0.69897	-156.20664
35.2976	-0.69898	-156.2143
35.3076	-0.69901	-157.73011
35.3176	-0.69899	-156.41457
35.3276	-0.69899	-155.71069
35.3376	-0.69893	-157.53675
35.3476	-0.69897	-157.5844
35.3576	-0.699	-156.15051
35.3676	-0.69896	-156.37195
35.3776	-0.69904	-155.05046
35.3876	-0.69901	-153.78572
35.3976	-0.699	-153.28141
35.4076	-0.69904	-151.95097
35.4176	-0.69902	-153.76261
35.4276	-0.69902	-155.73984
35.4376	-0.69901	-154.78206
35.4476	-0.69898	-154.22742
35.4576	-0.69898	-156.54111
35.4676	-0.69895	-154.7176
35.4776	-0.69899	-152.75309
35.4876	-0.69897	-152.67538
35.4976	-0.699	-154.01231
35.5076	-0.69901	-155.19758
35.5176	-0.69901	-154.20714
35.5276	-0.69902	-155.76765
35.5376	-0.69899	-153.55448
35.5476	-0.699	-152.4151
35.5576	-0.69898	-153.26269
35.5676	-0.69903	-154.55521
35.5776	-0.69903	-155.37006
35.5876	-0.69901	-156.92675
35.5976	-0.69899	-153.73827
35.6076	-0.69901	-155.60967
35.6176	-0.69896	-155.99527
35.6276	-0.69898	-156.09848
35.6376	-0.69901	-158.00255
35.6476	-0.69901	-158.16074
35.6576	-0.69901	-158.45518
35.6676	-0.69899	-156.34089
35.6776	-0.69899	-154.88871
35.6876	-0.69903	-154.72629
35.6976	-0.69898	-155.45977
35.7076	-0.69905	-155.43068
35.7176	-0.69898	-154.38148
35.7276	-0.69899	-153.33593
35.7376	-0.69897	-155.59795
35.7476	-0.69902	-155.20777
35.7576	-0.69898	-156.79935
35.7676	-0.69897	-159.07206
35.7776	-0.69902	-158.02256
35.7876	-0.69899	-156.54032
35.7976	-0.69901	-154.8332
35.8076	-0.69901	-153.759
35.8176	-0.69898	-153.90978
35.8276	-0.69902	-156.35969
35.8376	-0.69897	-157.68715
35.8476	-0.699	-157.26354
35.8576	-0.699	-156.04429
35.8676	-0.69899	-156.02087
35.8776	-0.69897	-157.39168
35.8876	-0.69896	-155.78894
35.8976	-0.69896	-152.6338
35.9076	-0.699	-152.95491
35.9176	-0.69899	-152.89962
35.9276	-0.69903	-156.17758
35.9376	-0.699	-154.60836
35.9476	-0.69902	-154.95851
35.9576	-0.69899	-154.20788
35.9676	-0.69901	-153.10408
35.9776	-0.69896	-151.99419
35.9876	-0.69896	-152.26125
35.9976	-0.69898	-154.84616
36.0076	-0.69904	-157.16314
36.0176	-0.69899	-158.39787
36.0276	-0.69898	-157.99584
36.0376	-0.69898	-157.90496
36.0476	-0.69901	-159.12995
36.0576	-0.69899	-158.42174
36.0676	-0.69901	-154.36576
36.0776	-0.69895	-155.19566
36.0876	-0.69895	-154.04481
36.0976	-0.699	-156.14306
36.1076	-0.69898	-155.36558
36.1176	-0.69898	-156.85765
36.1276	-0.69896	-152.75687
36.1376	-0.69898	-155.11404
36.1476	-0.69904	-154.77204
36.1576	-0.69901	-155.69887
36.1676	-0.69898	-152.24091
36.1776	-0.69899	-152.39215
36.1876	-0.69901	-156.87758
36.1976	-0.69898	-157.54189
36.2076	-0.69898	-159.31487
36.2176	-0.69901	-156.29413
36.2276	-0.699	-156.22747
36.2376	-0.69904	-155.0807
36.2476	-0.699	-158.15962
36.2576	-0.69898	-155.58494
36.2676	-0.699	-158.01086
36.2776	-0.69895	-154.47165
36.2876	-0.69899	-156.25153
36.2976	-0.69898	-153.63808
36.3076	-0.699	-155.45851
36.3176	-0.69902	-153.76358
36.3276	-0.69897	-153.71941
36.3376	-0.699	-153.8471
36.3476	-0.69898	-154.03391
36.3576	-0.69903	-154.14771
36.3676	-0.69899	-155.71278
36.3776	-0.69895	-153.3536
36.3876	-0.69902	-155.01027
36.3976	-0.69899	-155.87412
36.4076	-0.69896	-156.55338
36.4176	-0.69903	-156.54409
36.4276	-0.69902	-155.5681
36.4376	-0.69896	-154.94128
36.4476	-0.69901	-151.96147
36.4576	-0.69901	-154.62176
36.4676	-0.69898	-156.19314
36.4776	-0.69902	-156.71439
36.4876	-0.69903	-155.15735
36.4976	-0.69897	-155.12973
36.5076	-0.699	-153.63686
36.5176	-0.69904	-154.99111
36.5276	-0.69903	-154.86479
36.5376	-0.69897	-152.68816
36.5476	-0.69906	-155.89985
36.5576	-0.69899	-157.17457
36.5676	-0.699	-157.24571
36.5776	-0.69901	-155.4652
36.5876	-0.69899	-153.386
36.5976	-0.69899	-155.42808
36.6076	-0.69901	-152.88731
36.6176	-0.69898	-158.14754
36.6276	-0.69901	-157.35394
36.6376	-0.69899	-156.44591
36.6476	-0.69897	-158.32298
36.6576	-0.69898	-156.10792
36.6676	-0.69903	-159.11159
36.6776	-0.69901	-158.29845
36.6876	-0.69899	-153.50376
36.6976	-0.69899	-155.1392
36.7076	-0.69896	-156.61347
36.7176	-0.69898	-158.77707
36.7276	-0.69901	-157.62572
36.7376	-0.69896	-156.65167
36.7476	-0.69901	-155.51707
36.7576	-0.69899	-155.51164
36.7676	-0.69903	-155.09023
36.7776	-0.699	-153.13847
36.7876	-0.69902	-153.1434
36.7976	-0.69903	-156.88295
36.8076	-0.69896	-157.09888
36.8176	-0.69903	-157.88218
36.8276	-0.69904	-156.78256
36.8376	-0.69899	-154.27531
36.8476	-0.69896	-152.93243
36.8576	-0.69899	-150.85837
36.8676	-0.69897	-154.49849
36.8776	-0.69904	-156.66589
36.8876	-0.699	-155.54045
36.8976	-0.69901	-155.89065
36.9076	-0.69899	-156.5905
36.9176	-0.69899	-156.19158
36.9276	-0.69901	-155.85559
36.9376	-0.699	-155.06235
36.9476	-0.69895	-153.82336
36.9576	-0.69901	-153.23035
36.9676	-0.69896	-151.45328
36.9776	-0.69896	-151.84195
36.9876	-0.69899	-151.97161
36.9976	-0.69902	-156.59006
37.0076	-0.69899	-155.62063
37.0176	-0.69902	-152.67166
37.0276	-0.69897	-153.09739
37.0376	-0.69901	-155.12764
37.0476	-0.699	-155.21852
37.0576	-0.69903	-154.03903
37.0676	-0.699	-152.56168
37.0776	-0.69898	-155.34442
37.0876	-0.69905	-155.26481
37.0976	-0.69899	-155.44302
37.1076	-0.69902	-154.86145
37.1176	-0.69897	-155.29776
37.1276	-0.69898	-155.87911
37.1376	-0.699	-155.24733
37.1476	-0.69901	-159.09265
37.1576	-0.69898	-157.17771
37.1676	-0.69896	-156.16709
37.1776	-0.69901	-156.20205
37.1876	-0.699	-155.90378
37.1976	-0.69899	-154.38647
37.2076	-0.69904	-154.12536
37.2176	-0.69899	-154.16146
37.2276	-0.69904	-154.63392
37.2376	-0.699	-151.39312
37.2476	-0.69899	-150.81851
37.2576	-0.69898	-155.04332
37.2676	-0.69898	-158.029
37.2776	-0.69894	-156.33211
37.2876	-0.69895	-153.63055
37.2976	-0.69897	-155.17783
37.3076	-0.69894	-152.86857
37.3176	-0.69901	-154.83974
37.3276	-0.69905	-153.7077
37.3376	-0.69901	-154.75287
37.3476	-0.69903	-154.81304
37.3576	-0.69899	-153.42772
37.3676	-0.69902	-152.42122
37.3776	-0.69901	-151.35268
37.3876	-0.69896	-153.21221
37.3976	-0.69898	-151.07294
37.4076	-0.69901	-153.79415
37.4176	-0.699	-155.83284
37.4276	-0.69897	-154.18698
37.4376	-0.69894	-152.26711
37.4476	-0.69895	-151.89759
37.4576	-0.69903	-154.50675
37.4676	-0.69899	-152.76363
37.4776	-0.69901	-156.53838
37.4876	-0.69897	-155.15317
37.4976	-0.69905	-154.18705
37.5076	-0.699	-152.42814
37.5176	-0.69899	-152.07527
37.5276	-0.699	-153.57463
37.5376	-0.69899	-155.10584
37.5476	-0.69899	-153.81478
37.5576	-0.69897	-156.08441
37.5676	-0.69899	-157.39873
37.5776	-0.69899	-159.08195
37.5876	-0.69895	-155.75044
37.5976	-0.699	-156.77679
37.6076	-0.69897	-153.18336
37.6176	-0.69896	-153.46018
37.6276	-0.699	-157.05213
37.6376	-0.69898	-156.31517
37.6476	-0.69899	-157.8514
37.6576	-0.69902	-154.77093
37.6676	-0.69896	-155.71537
37.6776	-0.69898	-157.02901
37.6876	-0.69895	-155.89544
37.6976	-0.69895	-155.72095
37.7076	-0.699	-155.92681
37.7176	-0.69898	-156.50521
37.7276	-0.69901	-156.13003
37.7376	-0.69904	-155.82053
37.7476	-0.69898	-157.42083
37.7576	-0.69903	-155.5897
37.7676	-0.69898	-157.67488
37.7776	-0.69894	-156.12888
37.7876	-0.69901	-156.88245
37.7976	-0.69901	-154.56294
37.8076	-0.69896	-155.08856
37.8176	-0.69898	-156.66799
37.8276	-0.69904	-155.36726
37.8376	-0.69897	-154.63934
37.8476	-0.69901	-157.42783
37.8576	-0.69901	-156.57845
37.8676	-0.69903	-153.63763
37.8776	-0.69897	-152.11891
37.8876	-0.69902	-153.34278
37.8976	-0.699	-157.17768
37.9076	-0.69898	-157.7813
37.9176	-0.69905	-153.33806
37.9276	-0.69899	-156.22052
37.9376	-0.699	-155.18017
37.9476	-0.69903	-156.66384
37.9576	-0.69898	-154.70775
37.9676	-0.69899	-152.71783
37.9776	-0.699	-154.53183
37.9876	-0.69898	-152.78511
37.9976	-0.69905	-155.07784
38.0076	-0.699	-154.58447
38.0176	-0.69897	-156.64462
38.0276	-0.69899	-157.5108
38.0376	-0.69897	-156.01354
38.0476	-0.69899	-156.3731
38.0576	-0.69897	-158.17308
38.0676	-0.699	-157.97238
38.0776	-0.69896	-155.62753
38.0876	-0.69896	-154.3758
38.0976	-0.69902	-155.90645
38.1076	-0.69902	-156.23564
38.1176	-0.69902	-156.68648
38.1276	-0.69903	-157.04279
38.1376	-0.69901	-158.53782
38.1476	-0.69897	-157.1285
38.1576	-0.69902	-154.45288
38.1676	-0.69904	-155.50259
38.1776	-0.69901	-154.53858
38.1876	-0.69901	-156.68404
38.1976	-0.69902	-156.73865
38.2076	-0.699	-156.74344
38.2176	-0.69899	-156.81033
38.2276	-0.69901	-151.86353
38.2376	-0.69899	-152.30923
38.2476	-0.69899	-153.07667
38.2576	-0.69901	-152.02129
38.2676	-0.699	-153.10405
38.2776	-0.69897	-152.73642
38.2876	-0.69901	-153.17951
38.2976	-0.69899	-152.73814
38.3076	-0.69895	-155.4187
38.3176	-0.69903	-156.11766
38.3276	-0.699	-153.50841
38.3376	-0.69901	-153.80253
38.3476	-0.69901	-156.85804
38.3576	-0.69903	-158.31634
38.3676	-0.69899	-156.13386
38.3776	-0.69899	-153.16198
38.3876	-0.69899	-155.50351
38.3976	-0.69903	-155.24706
38.4076	-0.69899	-156.27181
38.4176	-0.69903	-156.18109
38.4276	-0.69902	-153.52899
38.4376	-0.69898	-152.31019
38.4476	-0.699	-152.37168
38.4576	-0.69901	-156.5231
38.4676	-0.69899	-155.21272
38.4776	-0.69899	-153.84528
38.4876	-0.699	-154.2783
38.4976	-0.69901	-157.54297
38.5076	-0.69898	-157.41713
38.5176	-0.69898	-153.24922
38.5276	-0.69897	-153.46691
38.5376	-0.69897	-152.7301
38.5476	-0.69901	-151.93996
38.5576	-0.699	-155.17929
38.5676	-0.69898	-155.58457
38.5776	-0.69904	-156.93264
38.5876	-0.69903	-155.47045
38.5976	-0.699	-156.45838
38.6076	-0.69897	-156.44146
38.6176	-0.69898	-156.32561
38.6276	-0.699	-156.591
38.6376	-0.69897	-152.9515
38.6476	-0.69896	-155.40958
38.6576	-0.69901	-157.18648
38.6676	-0.69901	-158.5726
38.6776	-0.69902	-157.38046
38.6876	-0.69898	-156.67186
38.6976	-0.69902	-154.98661
38.7076	-0.69897	-152.60645
38.7176	-0.69903	-154.18495
38.7276	-0.699	-157.35959
38.7376	-0.69899	-158.14109
38.7476	-0.69902	-157.34722
38.7576	-0.69899	-156.30471
38.7676	-0.699	-154.40911
38.7776	-0.69898	-153.63234
38.7876	-0.69901	-152.4526
38.7976	-0.69896	-154.88604
38.8076	-0.69901	-154.79485
38.8176	-0.69898	-158.43916
38.8276	-0.69902	-157.52981
38.8376	-0.69899	-155.89002
38.8476	-0.69894	-156.86962
38.8576	-0.69896	-156.96838
38.8676	-0.69894	-155.95305
38.8776	-0.69899	-158.55208
38.8876	-0.69901	-156.05173
38.8976	-0.69898	-156.53616
38.9076	-0.69898	-157.16385
38.9176	-0.69899	-154.95306
38.9276	-0.69897	-154.92131
38.9376	-0.69896	-154.1447
38.9476	-0.699	-158.31121
38.9576	-0.69902	-159.82781
38.9676	-0.69902	-158.57493
38.9776	-0.69899	-158.51737
38.9876	-0.69896	-159.29422
38.9976	-0.69901	-156.60913
39.0076	-0.699	-156.48889
39.0176	-0.69902	-156.99868
39.0276	-0.69899	-157.27072
39.0376	-0.69899	-156.66211
39.0476	-0.69901	-155.11283
39.0576	-0.69901	-156.1328
39.0676	-0.69903	-157.67949
39.0776	-0.69903	-153.99814
39.0876	-0.69901	-153.0407
39.0976	-0.69897	-155.0027
39.1076	-0.69895	-156.17078
39.1176	-0.69898	-158.68807
39.1276	-0.69903	-155.8398
39.1376	-0.69898	-153.0947
39.1476	-0.69897	-154.77912
39.1576	-0.69903	-155.08247
39.1676	-0.69893	-154.73067
39.1776	-0.69904	-150.36608
39.1812	-0.69898	-160.80629
39.1874	-0.69896	-150.12125
39.1886	-0.69892	-160.32106
39.1986	-0.69897	-154.2457
39.2086	-0.69899	-152.91899
39.2186	-0.69898	-155.68197
39.2286	-0.699	-157.40135
39.2386	-0.69902	-156.67808
39.2486	-0.699	-156.51993
39.2586	-0.69898	-155.29342
39.2686	-0.699	-152.85538
39.2786	-0.69904	-152.76446
39.2886	-0.69898	-152.66345
39.2986	-0.69899	-155.25035
39.3086	-0.69905	-156.87414
39.3186	-0.69896	-157.03779
39.3286	-0.69901	-156.22392
39.3386	-0.69901	-155.93336
39.3486	-0.699	-156.25579
39.3586	-0.69899	-155.74629
39.3686	-0.69902	-152.80681
39.3786	-0.69904	-154.61207
39.3886	-0.69903	-157.27025
39.3986	-0.69899	-155.39732
39.4086	-0.69897	-152.56393
39.4186	-0.69899	-152.39301
39.4286	-0.69899	-152.42205
39.4386	-0.69897	-155.44794
39.4486	-0.69898	-155.57717
39.4586	-0.69898	-156.22287
39.4686	-0.69901	-154.00772
39.4786	-0.69899	-152.82869
39.4886	-0.69898	-153.49417
39.4986	-0.699	-154.05315
39.5086	-0.69904	-155.00643
39.5186	-0.69903	-155.63231
39.5286	-0.69897	-157.00724
39.5386	-0.69901	-156.90905
39.5486	-0.69899	-154.90444
39.5586	-0.69896	-156.00632
39.5686	-0.69902	-153.04312
39.5786	-0.69897	-153.6546
39.5886	-0.69899	-153.60415
39.5986	-0.69901	-154.28057
39.6086	-0.69898	-153.00786
39.6186	-0.69903	-152.81937
39.6286	-0.69897	-154.2858
39.6386	-0.69892	-154.26292
39.6486	-0.69896	-155.16773
39.6586	-0.69898	-154.64671
39.6686	-0.69899	-156.16536
39.6786	-0.69901	-154.14192
39.6886	-0.69895	-153.93981
39.6986	-0.69897	-154.00636
39.7086	-0.69901	-155.07483
39.7186	-0.699	-154.8686
39.7286	-0.69897	-155.64778
39.7386	-0.69904	-154.07686
39.7486	-0.69902	-155.68283
39.7586	-0.69905	-156.49969
39.7686	-0.69894	-155.82452
39.7786	-0.69904	-157.236
39.7886	-0.69901	-157.97754
39.7986	-0.69903	-157.47787
39.8086	-0.69901	-154.8991
39.8186	-0.69898	-154.80548
39.8286	-0.699	-156.01061
39.8386	-0.69896	-156.36506
39.8486	-0.69901	-155.42057
39.8586	-0.69892	-155.52509
39.8686	-0.699	-156.44183
39.8786	-0.69904	-155.50683
39.8886	-0.69896	-155.14995
39.8986	-0.69899	-153.56727
39.9086	-0.69896	-157.58546
39.9186	-0.69898	-156.68374
39.9286	-0.699	-157.21128
39.9386	-0.699	-156.87662
39.9486	-0.69899	-155.49175
39.9586	-0.69898	-153.63676
39.9686	-0.69895	-156.87493
39.9786	-0.69903	-154.77836
39.9886	-0.69896	-154.66809
39.9986	-0.69895	-155.83996
40.0086	-0.69902	-151.10244
40.0186	-0.69895	-152.38467
40.0286	-0.69901	-151.58527
40.0386	-0.69899	-151.33462
40.0486	-0.69898	-154.29471
40.0586	-0.69899	-156.22415
40.0686	-0.69901	-156.09186
40.0786	-0.69901	-156.02321
40.0886	-0.69901	-154.6301
40.0986	-0.69898	-156.47844
40.1086	-0.69899	-155.97968
40.1186	-0.69904	-154.6501
40.1286	-0.69899	-155.27533
40.1386	-0.69896	-158.23174
40.1486	-0.69896	-158.18655
40.1586	-0.69897	-157.70114
40.1686	-0.69901	-157.79183
40.1786	-0.69901	-156.16479
40.1886	-0.69898	-155.14679
40.1986	-0.69898	-155.11583
40.2086	-0.69899	-152.87316
40.2186	-0.69898	-152.36945
40.2286	-0.699	-153.1515
40.2386	-0.69901	-154.86549
40.2486	-0.69904	-154.90068
40.2586	-0.69901	-153.80725
40.2686	-0.69903	-156.64357
40.2786	-0.69898	-157.50514
40.2886	-0.69893	-154.34145
40.2986	-0.69898	-152.51176
40.3086	-0.69901	-152.97819
40.3186	-0.69902	-155.50137
40.3286	-0.69901	-155.88591
40.3386	-0.69903	-158.37662
40.3486	-0.69902	-158.49207
40.3586	-0.69899	-156.85616
40.3686	-0.69898	-156.73677
40.3786	-0.69901	-153.40524
40.3886	-0.69903	-154.15067
40.3986	-0.69903	-153.72183
40.4086	-0.69903	-154.90059
40.4186	-0.69898	-154.89599
40.4286	-0.69893	-155.62331
40.4386	-0.69901	-156.47143
40.4486	-0.69901	-155.80123
40.4586	-0.69902	-153.46208
40.4686	-0.69903	-153.97291
40.4786	-0.69902	-157.2694
40.4886	-0.69898	-155.53465
40.4986	-0.69902	-152.12967
40.5086	-0.69899	-154.15372
40.5186	-0.69901	-154.11133
40.5286	-0.699	-153.53883
40.5386	-0.69902	-152.73581
40.5486	-0.69899	-155.2405
40.5586	-0.69901	-158.22373
40.5686	-0.69899	-155.31269
40.5786	-0.69899	-154.36441
40.5886	-0.699	-153.33035
40.5986	-0.699	-154.47827
40.6086	-0.69897	-151.24968
40.6186	-0.69905	-153.45036
40.6286	-0.69902	-154.81633
40.6386	-0.69898	-155.39676
40.6486	-0.69901	-154.96975
40.6586	-0.69901	-154.45528
40.6686	-0.69898	-154.19322
40.6786	-0.69896	-152.95637
40.6886	-0.69902	-154.77971
40.6986	-0.699	-152.36461
40.7086	-0.69899	-152.59683
40.7186	-0.69902	-152.65445
40.7286	-0.69901	-153.93685
40.7386	-0.69896	-154.70982
40.7486	-0.69901	-155.10498
40.7586	-0.69899	-155.99089
40.7686	-0.69903	-153.95695
40.7786	-0.699	-152.98666
40.7886	-0.69904	-153.57381
40.7986	-0.69902	-155.21387
40.8086	-0.69899	-154.73324
40.8186	-0.69901	-154.96028
40.8286	-0.69903	-156.02912
40.8386	-0.69905	-155.52709
40.8486	-0.69901	-155.07116
40.8586	-0.69901	-156.71492
40.8686	-0.69903	-155.19579
40.8786	-0.69899	-155.61383
40.8886	-0.69903	-154.4185
40.8986	-0.69899	-152.52122
40.9086	-0.69896	-153.37342
40.9186	-0.69901	-155.5717
40.9286	-0.69901	-157.35323
40.9386	-0.69896	-154.85654
40.9486	-0.69899	-153.21972
40.9586	-0.699	-155.00277
40.9686	-0.69903	-155.28509
40.9786	-0.69902	-157.61644
40.9886	-0.69902	-158.40804
40.9986	-0.69899	-157.56908
41.0086	-0.69899	-153.21407
41.0186	-0.69897	-155.33396
41.0286	-0.69899	-154.26217
41.0386	-0.69901	-153.90387
41.0486	-0.69901	-156.66068
41.0586	-0.69899	-154.80063
41.0686	-0.69899	-155.42237
41.0786	-0.69903	-157.11358
41.0886	-0.69897	-157.99456
41.0986	-0.69901	-152.80197
41.1086	-0.699	-154.4842
41.1186	-0.69899	-153.51067
41.1286	-0.69898	-157.10145
41.1386	-0.69898	-155.30523
41.1486	-0.699	-152.13148
41.1586	-0.69895	-153.18926
41.1686	-0.69906	-155.15172
41.1786	-0.69899	-157.12722
41.1886	-0.699	-154.01857
41.1986	-0.69901	-155.6477
41.2086	-0.699	-154.46045
41.2186	-0.69899	-154.8747
41.2286	-0.69898	-156.90402
41.2386	-0.699	-157.8739
41.2486	-0.69899	-157.07739
41.2586	-0.69905	-156.347
41.2686	-0.69898	-155.65496
41.2786	-0.69899	-155.3113
41.2886	-0.69904	-156.07831
41.2986	-0.69901	-157.90643
41.3086	-0.699	-155.36463
41.3186	-0.699	-153.3358
41.3286	-0.69902	-152.00817
41.3386	-0.69903	-154.72483
41.3486	-0.699	-157.33515
41.3586	-0.699	-157.49414
41.3686	-0.69903	-156.46049
41.3786	-0.69901	-155.97692
41.3886	-0.69899	-157.82649
41.3986	-0.69901	-158.6706
41.4086	-0.69904	-157.55282
41.4186	-0.69902	-158.12695
41.4286	-0.69902	-157.71518
41.4386	-0.69901	-155.83066
41.4486	-0.69898	-151.82522
41.4586	-0.69895	-155.56539
41.4686	-0.69901	-155.61089
41.4786	-0.69906	-155.56751
41.4886	-0.69899	-156.2311
41.4986	-0.69898	-155.10909
41.5086	-0.69899	-155.66854
41.5186	-0.69899	-154.88267
41.5286	-0.69903	-153.03829
41.5386	-0.69897	-155.2453
41.5486	-0.69896	-155.74324
41.5586	-0.69902	-158.10454
41.5686	-0.69905	-155.91012
41.5786	-0.69898	-153.97188
41.5886	-0.699	-153.36333
41.5986	-0.69898	-154.10329
41.6086	-0.69903	-154.58232
41.6186	-0.69901	-155.36337
41.6286	-0.69896	-155.66779
41.6386	-0.69903	-156.97445
41.6486	-0.69901	-157.37861
41.6586	-0.69902	-156.70156
41.6686	-0.69904	-155.33834
41.6786	-0.69904	-154.18034
41.6886	-0.699	-154.71669
41.6986	-0.69896	-153.54655
41.7086	-0.69903	-153.73436
41.7186	-0.69899	-155.4877
41.7286	-0.699	-157.05808
41.7386	-0.69898	-155.87524
41.7486	-0.69904	-157.63082
41.7586	-0.69896	-157.26513
41.7686	-0.69909	-156.22818
41.7786	-0.69901	-151.34648
41.7886	-0.69904	-152.64135
41.7986	-0.699	-156.20567
41.8086	-0.699	-155.04443
41.8186	-0.69905	-154.33025
41.8286	-0.69904	-152.90865
41.8386	-0.69906	-154.22299
41.8486	-0.69905	-159.71251
41.8586	-0.69901	-156.31436
41.8686	-0.69901	-156.0922
41.8786	-0.69904	-153.8813
41.8886	-0.69899	-156.88163
41.8986	-0.69903	-156.78809
41.9086	-0.69905	-157.70883
41.9186	-0.699	-156.74146
41.9286	-0.69903	-157.97958
41.9386	-0.69902	-156.38686
41.9486	-0.69904	-153.1844
41.9586	-0.69899	-151.87197
41.9686	-0.699	-154.32333
41.9786	-0.69904	-152.93936
41.9886	-0.69899	-155.10419
41.9986	-0.69904	-153.38863
42.0086	-0.69905	-153.62738
42.0186	-0.69901	-156.46927
42.0286	-0.69903	-156.87098
42.0386	-0.69893	-150.85378
42.0424	-0.69898	-160.97491
42.0458	-0.69902	-150.01828
42.0496	-0.69905	-160.01904
42.0596	-0.69899	-158.39157
42.0696	-0.69904	-154.07196
42.0796	-0.69905	-154.34257
42.0896	-0.69901	-154.08747
42.0996	-0.69899	-157.13866
42.1096	-0.699	-155.44464
42.1196	-0.69899	-157.15803
42.1296	-0.69898	-155.89919
42.1396	-0.69901	-153.10485
42.1496	-0.69901	-153.08638
42.1596	-0.69903	-153.20693
42.1696	-0.69899	-153.58454
42.1796	-0.69902	-153.27815
42.1896	-0.699	-152.27188
42.1996	-0.699	-152.05914
42.2096	-0.699	-150.37655
42.2196	-0.69904	-153.90688
42.2296	-0.699	-153.60098
42.2396	-0.699	-156.33414
42.2496	-0.69899	-158.30193
42.2596	-0.69898	-157.62312
42.2696	-0.69901	-156.7888
42.2796	-0.69899	-155.50414
42.2896	-0.69903	-152.37636
42.2996	-0.69902	-153.91197
42.3096	-0.69898	-154.86332
42.3196	-0.69899	-154.95003
42.3296	-0.69898	-157.35502
42.3396	-0.69901	-156.33971
42.3496	-0.699	-152.19503
42.3596	-0.69904	-153.33963
42.3696	-0.69902	-150.98171
42.3734	-0.69905	-161.90025
42.3746	-0.69902	-150.71996
42.3846	-0.69901	-151.36699
42.3946	-0.69899	-154.69195
42.4046	-0.699	-153.8149
42.4146	-0.69901	-154.09636
42.4246	-0.69906	-152.96156
42.4346	-0.69902	-152.80453
42.4446	-0.69901	-154.45325
42.4546	-0.69902	-155.4772
42.4646	-0.69898	-152.85499
42.4746	-0.69897	-157.19391
42.4846	-0.69903	-157.53307
42.4946	-0.699	-153.9118
42.5046	-0.69903	-154.95762
42.5146	-0.69904	-155.0289
42.5246	-0.69898	-154.27108
42.5346	-0.69903	-152.02346
42.5446	-0.69901	-152.91035
42.5546	-0.69901	-154.23782
42.5646	-0.69898	-156.28387
42.5746	-0.69904	-156.98456
42.5846	-0.69902	-153.27356
42.5946	-0.69904	-151.3973
42.6046	-0.69901	-151.86927
42.6146	-0.69905	-155.71284
42.6246	-0.69901	-159.50801
42.6346	-0.69901	-158.68362
42.6446	-0.69901	-155.18296
42.6546	-0.69904	-154.25323
42.6646	-0.69903	-153.32378
42.6746	-0.69904	-152.69516
42.6846	-0.699	-154.79502
42.6946	-0.69906	-154.54275
42.7046	-0.69896	-154.02735
42.7146	-0.69899	-159.6204
42.7246	-0.69898	-157.26364
42.7346	-0.69904	-155.53479
42.7446	-0.69903	-153.53113
42.7546	-0.69899	-153.09693
42.7646	-0.69903	-155.18417
42.7746	-0.699	-156.35672
42.7846	-0.69899	-155.96785
42.7946	-0.699	-153.85987
42.8046	-0.69899	-152.26075
42.8146	-0.69902	-153.85159
42.8246	-0.69904	-158.74288
42.8346	-0.69902	-156.67912
42.8446	-0.69897	-157.92864
42.8546	-0.69905	-159.08381
42.8646	-0.69902	-155.62095
42.8746	-0.69902	-154.47687
42.8846	-0.69902	-153.42347
42.8946	-0.69898	-156.94104
42.9046	-0.69902	-155.80677
42.9146	-0.69896	-156.29429
42.9246	-0.69902	-153.0757
42.9346	-0.69902	-154.2805
42.9446	-0.69906	-154.99333
42.9546	-0.69903	-155.40337
42.9646	-0.699	-155.53265
42.9746	-0.69901	-153.20823
42.9846	-0.69899	-151.90315
42.9946	-0.69895	-154.64123
43.0046	-0.69904	-154.45507
43.0146	-0.69901	-156.13767
43.0246	-0.699	-156.35622
43.0346	-0.69901	-157.3389
43.0446	-0.69901	-156.60551
43.0546	-0.69907	-157.92943
43.0646	-0.69902	-152.45547
43.0746	-0.69903	-152.05056
43.0846	-0.69895	-155.173
43.0946	-0.69898	-156.26314
43.1046	-0.699	-160.08555
43.106	-0.69899	-149.45897
43.107	-0.69905	-159.8082
43.1084	-0.699	-149.80492
43.1096	-0.69898	-161.53155
43.1106	-0.69901	-151.52163
43.1206	-0.69902	-151.50671
43.1306	-0.69901	-154.35198
43.1406	-0.69899	-156.06079
43.1506	-0.69907	-154.47523
43.1606	-0.69901	-156.19931
43.1706	-0.69898	-155.06407
43.1806	-0.69898	-154.5846
43.1906	-0.69902	-153.7494
43.2006	-0.69897	-154.43875
43.2106	-0.69901	-156.01442
43.2206	-0.69901	-155.28204
43.2306	-0.69899	-155.46463
43.2406	-0.699	-156.2841
43.2506	-0.69907	-155.66413
43.2606	-0.69898	-155.3876
43.2706	-0.69901	-155.83903
43.2806	-0.69901	-154.18195
43.2906	-0.69897	-155.2676
43.3006	-0.69903	-156.29134
43.3106	-0.69899	-154.39085
43.3206	-0.69897	-155.66991
43.3306	-0.69903	-155.31624
43.3406	-0.69902	-155.57411
43.3506	-0.699	-154.24914
43.3606	-0.69896	-154.13238
43.3706	-0.69895	-152.48246
43.3806	-0.699	-153.394
43.3906	-0.69907	-154.69928
43.4006	-0.69903	-154.7001
43.4106	-0.69898	-155.105
43.4206	-0.69901	-153.85302
43.4306	-0.69904	-155.56908
43.4406	-0.69902	-154.70408
43.4506	-0.69901	-157.15065
43.4606	-0.69899	-154.38737
43.4706	-0.69901	-154.29497
43.4806	-0.69903	-153.69908
43.4906	-0.69901	-154.04261
43.5006	-0.69898	-154.19091
43.5106	-0.69895	-153.51564
43.5206	-0.69898	-154.66757
43.5306	-0.69899	-156.33616
43.5406	-0.69897	-155.51605
43.5506	-0.69902	-155.84629
43.5606	-0.69899	-154.20292
43.5706	-0.69902	-156.43617
43.5806	-0.69899	-156.05163
43.5906	-0.69899	-157.32093
43.6006	-0.69901	-154.15745
43.6106	-0.69901	-153.89263
43.6206	-0.69897	-157.17308
43.6306	-0.69899	-156.83166
43.6406	-0.69901	-156.36192
43.6506	-0.69904	-152.62776
43.6606	-0.699	-155.19008
43.6706	-0.69904	-155.24091
43.6806	-0.69898	-152.90547
43.6906	-0.69904	-155.91966
43.7006	-0.69898	-155.57796
43.7106	-0.69899	-157.04518
43.7206	-0.699	-154.27021
43.7306	-0.69904	-151.08998
43.7406	-0.699	-155.89276
43.7506	-0.69901	-154.8797
43.7606	-0.69905	-155.86436
43.7706	-0.69905	-153.47406
43.7806	-0.69903	-152.46681
43.7906	-0.69899	-152.43903
43.8006	-0.699	-154.19039
43.8106	-0.69904	-154.85053
43.8206	-0.69899	-154.51994
43.8306	-0.69902	-155.07558
43.8406	-0.69901	-154.15077
43.8506	-0.69901	-154.47004
43.8606	-0.69896	-152.85769
43.8706	-0.69908	-154.22181
43.8806	-0.69897	-153.45709
43.8906	-0.69901	-155.07661
43.9006	-0.69903	-156.42172
43.9106	-0.69902	-155.89735
43.9206	-0.69901	-153.40314
43.9306	-0.69901	-154.79812
43.9406	-0.69902	-153.17372
43.9506	-0.69897	-154.05098
43.9606	-0.699	-153.54745
43.9706	-0.69896	-153.93448
43.9806	-0.699	-158.04588
43.9906	-0.69897	-156.04779
44.0006	-0.69903	-153.60968
44.0106	-0.69901	-152.72202
44.0206	-0.69905	-157.36397
44.0306	-0.69902	-158.00276
44.0406	-0.69898	-153.24785
44.0506	-0.69903	-153.7457
44.0606	-0.69902	-154.60144
44.0706	-0.699	-157.50513
44.0806	-0.69899	-159.58832
44.0842	-0.69901	-148.96531
44.0876	-0.69901	-159.24775
44.0976	-0.69903	-156.09331
44.1076	-0.69897	-153.04612
44.1176	-0.699	-151.27023
44.1276	-0.69902	-155.12296
44.1376	-0.69903	-155.87044
44.1476	-0.69901	-157.19198
44.1576	-0.69902	-154.44897
44.1676	-0.69899	-154.36305
44.1776	-0.69902	-154.35327
44.1876	-0.699	-155.77258
44.1976	-0.69898	-155.90642
44.2076	-0.69903	-155.91722
44.2176	-0.69898	-157.03992
44.2276	-0.69901	-156.86221
44.2376	-0.69896	-153.37784
44.2476	-0.69896	-153.04225
44.2576	-0.69901	-151.07193
44.2676	-0.69901	-155.92036
44.2776	-0.69896	-154.23211
44.2876	-0.69904	-154.59671
44.2976	-0.69901	-153.03559
44.3076	-0.69898	-153.5664
44.3176	-0.69899	-153.30471
44.3276	-0.69898	-153.31888
44.3376	-0.69897	-151.5149
44.3476	-0.69896	-153.82206
44.3576	-0.69901	-155.98592
44.3676	-0.69896	-155.57447
44.3776	-0.699	-154.5053
44.3876	-0.69901	-154.05764
44.3976	-0.69898	-155.36932
44.4076	-0.699	-154.60481
44.4176	-0.69898	-156.78204
44.4276	-0.69898	-154.06833
44.4376	-0.699	-152.10003
44.4476	-0.69897	-153.42573
44.4576	-0.69899	-156.70055
44.4676	-0.69901	-158.56843
44.4776	-0.69899	-156.90252
44.4876	-0.69901	-153.07823
44.4976	-0.69899	-155.70994
44.5076	-0.69895	-156.35854
44.5176	-0.69899	-156.56921
44.5276	-0.69902	-154.07952
44.5376	-0.69899	-154.17655
44.5476	-0.69898	-156.24059
44.5576	-0.69901	-153.61181
44.5676	-0.69897	-155.93778
44.5776	-0.69901	-154.10163
44.5876	-0.69894	-154.8633
44.5976	-0.69897	-152.18292
44.6076	-0.699	-152.84647
44.6176	-0.69899	-152.2494
44.6276	-0.699	-153.99431
44.6376	-0.69898	-153.89227
44.6476	-0.69901	-155.32744
44.6576	-0.69902	-155.38737
44.6676	-0.69895	-154.64099
44.6776	-0.69897	-152.98261
44.6876	-0.699	-154.01956
44.6976	-0.69902	-154.34469
44.7076	-0.69902	-153.94035
44.7176	-0.69899	-155.36217
44.7276	-0.69901	-156.03813
44.7376	-0.69903	-155.60019
44.7476	-0.69898	-154.72546
44.7576	-0.69902	-155.66636
44.7676	-0.699	-154.38761
44.7776	-0.69897	-156.47186
44.7876	-0.69899	-154.01804
44.7976	-0.69894	-153.57951
44.8076	-0.69897	-153.84585
44.8176	-0.69897	-159.19966
44.8276	-0.69894	-156.67683
44.8376	-0.69898	-159.12828
44.8476	-0.69897	-153.76872
44.8576	-0.69899	-154.52849
44.8676	-0.69902	-154.48852
44.8776	-0.69903	-156.86756
44.8876	-0.69901	-154.00533
44.8976	-0.69901	-155.77535
44.9076	-0.699	-153.76872
44.9176	-0.69899	-157.6998
44.9276	-0.69899	-156.57341
44.9376	-0.69899	-156.04833
44.9476	-0.699	-155.28258
44.9576	-0.69904	-154.13049
44.9676	-0.69905	-155.62949
44.9776	-0.69897	-155.19194
44.9876	-0.69906	-156.25577
44.9976	-0.69901	-153.80711
45.0076	-0.699	-153.11289
45.0176	-0.69897	-152.3086
45.0276	-0.69896	-154.92512
45.0376	-0.69898	-157.49293
45.0476	-0.69902	-156.06369
45.0576	-0.69899	-154.88588
45.0676	-0.69902	-154.62273
45.0776	-0.69901	-151.92421
45.0876	-0.69903	-154.80961
45.0976	-0.69901	-154.6077
45.1076	-0.69901	-155.04564
45.1176	-0.69898	-154.49599
45.1276	-0.699	-154.02999
45.1376	-0.69898	-156.88352
45.1476	-0.69903	-155.48531
45.1576	-0.69901	-157.01275
45.1676	-0.69898	-154.12191
45.1776	-0.699	-153.27703
45.1876	-0.69899	-153.58071
45.1976	-0.69904	-152.53644
45.2076	-0.69897	-153.85945
45.2176	-0.69897	-155.96453
45.2276	-0.69901	-157.58332
45.2376	-0.69901	-154.42347
45.2476	-0.69906	-154.42428
45.2576	-0.69898	-153.68268
45.2676	-0.69895	-156.41766
45.2776	-0.69902	-153.81315
45.2876	-0.69899	-153.91035
45.2976	-0.69898	-152.51371
45.3076	-0.699	-155.75579
45.3176	-0.69899	-153.57286
45.3276	-0.69902	-156.07658
45.3376	-0.69903	-154.66702
45.3476	-0.69905	-156.17925
45.3576	-0.69896	-154.87795
45.3676	-0.69906	-154.13349
45.3776	-0.69901	-154.75889
45.3876	-0.69898	-156.21869
45.3976	-0.69903	-155.8666
45.4076	-0.69902	-149.77412
45.409	-0.69901	-160.43754
45.4128	-0.69898	-150.08757
45.4138	-0.69905	-160.32739
45.4148	-0.69902	-149.53061
45.4162	-0.69896	-161.33581
45.4174	-0.69902	-150.83074
45.4188	-0.69903	-161.41618
45.4198	-0.69899	-150.48296
45.421	-0.69897	-160.55802
45.4222	-0.69899	-149.81313
45.4322	-0.699	-154.31202
45.4422	-0.69904	-156.93422
45.4522	-0.69902	-158.70336
45.4622	-0.69904	-154.39697
45.4722	-0.69903	-154.77104
45.4822	-0.69901	-150.8391
45.4922	-0.69898	-154.80578
45.5022	-0.69903	-157.98219
45.5122	-0.69895	-158.35892
45.5222	-0.69899	-159.8831
45.5322	-0.69898	-154.51165
45.5422	-0.699	-156.32435
45.5522	-0.69901	-157.03395
45.5622	-0.69899	-155.16075
45.5722	-0.69895	-155.63811
45.5822	-0.69906	-154.95459
45.5922	-0.69905	-155.98231
45.6022	-0.69897	-153.18514
45.6122	-0.69898	-155.2696
45.6222	-0.69897	-153.58766
45.6322	-0.69907	-155.03025
45.6422	-0.69898	-155.21009
45.6522	-0.69906	-158.11207
45.6622	-0.69903	-157.84849
45.6722	-0.69899	-155.74551
45.6822	-0.69902	-155.19511
45.6922	-0.69899	-153.80468
45.7022	-0.69904	-155.64447
45.7122	-0.69898	-155.56219
45.7222	-0.69899	-156.52998
45.7322	-0.69898	-155.15101
45.7422	-0.69901	-158.5754
45.7522	-0.69899	-155.15164
45.7622	-0.69898	-155.63674
45.7722	-0.699	-153.06158
45.7822	-0.69894	-156.43442
45.7922	-0.69903	-154.66939
45.8022	-0.699	-152.30424
45.8122	-0.69902	-153.43778
45.8222	-0.699	-153.83962
45.8322	-0.69901	-153.83327
45.8422	-0.69902	-154.44563
45.8522	-0.699	-154.3295
45.8622	-0.69898	-155.62505
45.8722	-0.69898	-156.29347
45.8822	-0.69899	-158.41236
45.8922	-0.69902	-159.79718
45.896	-0.69901	-149.55022
45.897	-0.69903	-160.30243
45.8984	-0.69898	-149.79103
45.902	-0.69903	-160.02033
45.912	-0.69904	-160.85843
45.9132	-0.69903	-149.95852
45.917	-0.69903	-160.03919
45.927	-0.69903	-158.50087
45.937	-0.69903	-156.43244
45.947	-0.69899	-156.14384
45.957	-0.69905	-156.22949
45.967	-0.69902	-154.99344
45.977	-0.69901	-154.87151
45.987	-0.69903	-157.78399
45.997	-0.69902	-155.14772
46.007	-0.69904	-152.69399
46.017	-0.69895	-153.77339
46.027	-0.69901	-152.40091
46.037	-0.69898	-153.25482
46.047	-0.69901	-154.18819
46.057	-0.69903	-155.90005
46.067	-0.69898	-155.29605
46.077	-0.69901	-157.10064
46.087	-0.69899	-154.53477
46.097	-0.69899	-154.63947
46.107	-0.69901	-157.46156
46.117	-0.69906	-155.57252
46.127	-0.69897	-155.68673
46.137	-0.69898	-157.18481
46.147	-0.69902	-155.91054
46.157	-0.69898	-155.52875
46.167	-0.69896	-155.91796
46.177	-0.69904	-154.603
46.187	-0.69901	-154.55643
46.197	-0.69904	-156.62096
46.207	-0.69901	-155.48976
46.217	-0.699	-155.05925
46.227	-0.69902	-155.84874
46.237	-0.69901	-153.36907
46.247	-0.69906	-155.13221
46.257	-0.69901	-154.6271
46.267	-0.69903	-158.66776
46.277	-0.69898	-156.99811
46.287	-0.69902	-155.45704
46.297	-0.699	-153.06573
46.307	-0.69901	-157.04586
46.317	-0.69902	-158.08317
46.327	-0.69901	-157.09014
46.337	-0.699	-154.59125
46.347	-0.69897	-155.33331
46.357	-0.69901	-157.18572
46.367	-0.69901	-155.75897
46.377	-0.69902	-153.51539
46.387	-0.69899	-152.07787
46.397	-0.69898	-153.80061
46.407	-0.69897	-154.64958
46.417	-0.69903	-154.14413
46.427	-0.69896	-153.73405
46.437	-0.69898	-150.76749
46.4432	-0.69905	-160.81357
46.4492	-0.69906	-150.54573
46.4592	-0.69898	-151.78354
46.4692	-0.69902	-154.8716
46.4792	-0.69896	-153.71359
46.4892	-0.699	-151.04314
46.4992	-0.69901	-154.12317
46.5092	-0.69901	-152.9357
46.5192	-0.69902	-155.03899
46.5292	-0.69898	-152.96439
46.5392	-0.69901	-152.95008
46.5492	-0.69904	-155.06824
46.5592	-0.69897	-155.30097
46.5692	-0.69903	-154.33066
46.5792	-0.699	-153.00108
46.5892	-0.69899	-153.02631
46.5992	-0.69898	-153.68795
46.6092	-0.69898	-154.85713
46.6192	-0.69899	-154.29055
46.6292	-0.69901	-153.30201
46.6392	-0.69903	-156.62799
46.6492	-0.69902	-154.82183
46.6592	-0.69901	-153.2522
46.6692	-0.69898	-152.08865
46.6792	-0.699	-151.82951
46.6892	-0.69901	-155.00441
46.6992	-0.69899	-155.74311
46.7092	-0.69904	-155.77788
46.7192	-0.699	-156.79603
46.7292	-0.699	-158.06825
46.7392	-0.69895	-158.00693
46.7492	-0.69897	-157.10674
46.7592	-0.69899	-154.88696
46.7692	-0.69902	-156.71465
46.7792	-0.69898	-158.30369
46.7892	-0.69899	-156.2026
46.7992	-0.69904	-156.09714
46.8092	-0.69899	-156.88967
46.8192	-0.69903	-156.55316
46.8292	-0.69899	-152.44289
46.8392	-0.69897	-153.92607
46.8492	-0.69902	-155.50275
46.8592	-0.69894	-157.31165
46.8692	-0.69897	-156.53431
46.8792	-0.69903	-153.91569
46.8892	-0.69904	-154.38893
46.8992	-0.69895	-155.19821
46.9092	-0.69901	-154.3295
46.9192	-0.69899	-151.99851
46.9292	-0.699	-153.77933
46.9392	-0.69906	-156.35156
46.9492	-0.69899	-156.99224
46.9592	-0.69898	-156.07894
46.9692	-0.69899	-156.37298
46.9792	-0.699	-158.96994
46.9892	-0.699	-155.33043
46.9992	-0.69899	-152.04016
47.0092	-0.69899	-152.87866
47.0192	-0.699	-151.66874
47.0292	-0.699	-151.27637
47.0392	-0.69899	-154.96396
47.0492	-0.69901	-155.23358
47.0592	-0.69898	-154.36937
47.0692	-0.699	-153.2167
47.0792	-0.69898	-153.50835
47.0892	-0.69903	-154.10212
47.0992	-0.69898	-154.76509
47.1092	-0.69903	-155.67333
47.1192	-0.69897	-151.57234
47.1232	-0.699	-161.95081
47.1242	-0.69898	-150.67732
47.1256	-0.69897	-161.01021
47.1266	-0.69898	-150.79291
47.1306	-0.69899	-160.84806
47.1406	-0.699	-156.59626
47.1506	-0.69905	-153.95004
47.1606	-0.69898	-155.67535
47.1706	-0.69903	-155.49139
47.1806	-0.69897	-155.04574
47.1906	-0.69899	-155.02184
47.2006	-0.699	-156.41561
47.2106	-0.699	-155.33473
47.2206	-0.69899	-154.79388
47.2306	-0.69899	-156.32119
47.2406	-0.69903	-154.0659
47.2506	-0.69897	-154.30929
47.2606	-0.69897	-154.86474
47.2706	-0.69897	-157.542
47.2806	-0.69899	-155.36094
47.2906	-0.69902	-155.74929
47.3006	-0.69899	-154.25013
47.3106	-0.69899	-154.47444
47.3206	-0.69898	-157.172
47.3306	-0.69902	-157.27053
47.3406	-0.69901	-158.27757
47.3506	-0.69896	-158.66421
47.3606	-0.69902	-158.75989
47.3706	-0.69903	-159.11911
47.3806	-0.69899	-155.85238
47.3906	-0.69898	-152.73771
47.4006	-0.69899	-155.92425
47.4106	-0.69899	-158.8519
47.4206	-0.69903	-158.56983
47.4306	-0.69905	-156.73163
47.4406	-0.69898	-155.90231
47.4506	-0.69898	-157.36612
47.4606	-0.69898	-158.61461
47.4706	-0.69899	-156.69612
47.4806	-0.69898	-154.78706
47.4906	-0.69898	-156.3006
47.5006	-0.69896	-159.23989
47.5106	-0.699	-159.28165
47.5206	-0.69903	-155.80576
47.5306	-0.69904	-151.23349
47.5406	-0.69896	-150.02117
47.544	-0.69905	-160.69049
47.5452	-0.69902	-150.09375
47.5488	-0.69904	-160.89585
47.5524	-0.69901	-150.25978
47.5624	-0.69901	-153.76772
47.5724	-0.69902	-154.38351
47.5824	-0.69902	-155.57596
47.5924	-0.69899	-156.12528
47.6024	-0.69901	-154.22715
47.6124	-0.69902	-156.89685
47.6224	-0.69898	-155.54652
47.6324	-0.69901	-154.19864
47.6424	-0.69899	-151.91368
47.6524	-0.69901	-154.83141
47.6624	-0.69905	-152.88262
47.6724	-0.69899	-153.24348
47.6824	-0.69905	-152.53082
47.6924	-0.69899	-155.54018
47.7024	-0.699	-155.94419
47.7124	-0.699	-156.55193
47.7224	-0.69901	-153.13624
47.7324	-0.699	-153.45398
47.7424	-0.69901	-155.00022
47.7524	-0.69903	-153.80166
47.7624	-0.69904	-155.95077
47.7724	-0.69897	-153.67365
47.7824	-0.69902	-153.81404
47.7924	-0.69899	-154.67205
47.8024	-0.69904	-154.70842
47.8124	-0.699	-152.83614
47.8224	-0.69898	-154.98019
47.8324	-0.69899	-156.27722
47.8424	-0.69901	-154.5023
47.8524	-0.699	-155.14749
47.8624	-0.69899	-154.00634
47.8724	-0.69899	-153.24751
47.8824	-0.69901	-157.07877
47.8924	-0.69903	-155.72839
47.9024	-0.69899	-157.18733
47.9124	-0.69899	-156.54416
47.9224	-0.69901	-156.49107
47.9324	-0.69898	-159.02853
47.9424	-0.69901	-155.60269
47.9524	-0.69896	-153.41418
47.9624	-0.69902	-153.95835
47.9724	-0.69904	-156.52543
47.9824	-0.69905	-160.62262
47.986	-0.69898	-149.67654
47.9872	-0.69901	-159.78263
47.9972	-0.699	-157.4997
48.0072	-0.69895	-154.44569
48.0172	-0.69902	-153.97514
48.0272	-0.69898	-153.45671
48.0372	-0.69901	-153.96945
48.0472	-0.69901	-153.30663
48.0572	-0.69898	-151.80682
48.0672	-0.69899	-152.12731
48.0772	-0.69896	-155.70276
48.0872	-0.699	-156.65985
48.0972	-0.69901	-155.33338
48.1072	-0.69901	-153.18223
48.1172	-0.69901	-153.31462
48.1272	-0.69901	-153.21137
48.1372	-0.699	-154.36756
48.1472	-0.69901	-158.61777
48.1572	-0.69902	-157.36109
48.1672	-0.69899	-157.26471
48.1772	-0.699	-155.87817
48.1872	-0.69897	-156.59514
48.1972	-0.69904	-154.78986
48.2072	-0.69898	-153.75568
48.2172	-0.699	-154.91224
48.2272	-0.69904	-155.49979
48.2372	-0.69904	-156.42924
48.2472	-0.69899	-155.18663
48.2572	-0.69894	-156.04229
48.2672	-0.69903	-153.60052
48.2772	-0.699	-152.96285
48.2872	-0.69897	-152.70001
48.2972	-0.69898	-154.80721
48.3072	-0.69904	-156.15392
48.3172	-0.69903	-153.80461
48.3272	-0.69898	-155.18081
48.3372	-0.69897	-153.55944
48.3472	-0.69898	-155.06905
48.3572	-0.69896	-155.56837
48.3672	-0.69898	-152.26156
48.3772	-0.69899	-151.74062
48.3872	-0.69899	-154.88827
48.3972	-0.69899	-157.19102
48.4072	-0.69901	-155.73426
48.4172	-0.69901	-153.79631
48.4272	-0.69894	-151.26321
48.4304	-0.69901	-161.3202
48.4316	-0.699	-150.87376
48.4416	-0.69899	-151.34998
48.4516	-0.69899	-153.33585
48.4616	-0.69896	-154.85392
48.4716	-0.69901	-156.1059
48.4816	-0.69897	-156.8268
48.4916	-0.69899	-158.80545
48.5016	-0.69899	-157.79983
48.5116	-0.69898	-157.27031
48.5216	-0.69898	-154.83549
48.5316	-0.699	-155.68678
48.5416	-0.69901	-153.56692
48.5516	-0.69898	-154.84746
48.5616	-0.69899	-154.98674
48.5716	-0.69903	-154.54134
48.5816	-0.69899	-154.08934
48.5916	-0.69898	-156.49832
48.6016	-0.69898	-155.34839
48.6116	-0.69901	-151.80954
48.6216	-0.69895	-152.82018
48.6316	-0.69897	-152.24838
48.6416	-0.699	-153.06222
48.6516	-0.69898	-154.82127
48.6616	-0.69902	-157.36731
48.6716	-0.699	-156.0695
48.6816	-0.69898	-153.5241
48.6916	-0.69899	-153.19819
48.7016	-0.69898	-152.23692
48.7116	-0.699	-151.50746
48.7216	-0.69899	-153.93012
48.7316	-0.69898	-154.84903
48.7416	-0.69899	-154.55917
48.7516	-0.699	-154.12922
48.7616	-0.69897	-153.02403
48.7716	-0.69903	-155.48595
48.7816	-0.69905	-155.18708
48.7916	-0.69904	-153.11032
48.8016	-0.69898	-154.35779
48.8116	-0.69901	-155.40743
48.8216	-0.69903	-156.53511
48.8316	-0.69899	-155.8858
48.8416	-0.69903	-155.86397
48.8516	-0.69898	-153.60344
48.8616	-0.69903	-155.20084
48.8716	-0.69895	-154.59413
48.8816	-0.69896	-156.96284
48.8916	-0.69905	-155.49205
48.9016	-0.69903	-156.10503
48.9116	-0.69901	-158.77542
48.9216	-0.699	-158.75905
48.9316	-0.69901	-156.70305
48.9416	-0.69906	-157.02327
48.9516	-0.69904	-156.97927
48.9616	-0.69894	-156.8679
48.9716	-0.69906	-158.61332
48.9816	-0.69901	-158.95685
48.9916	-0.69894	-157.3873
49.0016	-0.69903	-157.13012
49.0116	-0.69904	-156.10068
49.0216	-0.69904	-155.48768
49.0316	-0.69899	-156.5834
49.0416	-0.69903	-157.64489
49.0516	-0.699	-156.54051
49.0616	-0.69899	-155.24031
49.0716	-0.69901	-155.65803
49.0816	-0.69903	-155.13265
49.0916	-0.69899	-154.34341
49.1016	-0.699	-153.20309
49.1116	-0.69898	-154.98803
49.1216	-0.69897	-157.80461
49.1316	-0.699	-155.47428
49.1416	-0.69897	-157.09908
49.1516	-0.69901	-156.6773
49.1616	-0.69903	-156.51162
49.1716	-0.69901	-155.10777
49.1816	-0.69901	-153.21547
49.1916	-0.69898	-153.44182
49.2016	-0.69901	-157.48543
49.2116	-0.69897	-155.55612
49.2216	-0.69898	-153.67297
49.2316	-0.699	-152.28729
49.2416	-0.69897	-155.08827
49.2516	-0.69901	-157.20948
49.2616	-0.69899	-159.55588
49.2716	-0.69902	-155.99241
49.2816	-0.69901	-155.35774
49.2916	-0.69899	-153.97096
49.3016	-0.69901	-157.00171
49.3116	-0.69903	-157.09327
49.3216	-0.69904	-154.79652
49.3316	-0.69898	-154.07039
49.3416	-0.69901	-156.2846
49.3516	-0.69902	-155.60336
49.3616	-0.69901	-154.15131
49.3716	-0.69899	-155.97058
49.3816	-0.69898	-156.39226
49.3916	-0.69897	-153.76773
49.4016	-0.69904	-155.32751
49.4116	-0.69897	-154.11364
49.4216	-0.69902	-154.6402
49.4316	-0.69903	-152.08397
49.4416	-0.69901	-153.82005
49.4516	-0.69901	-155.5927
49.4616	-0.69899	-153.91174
49.4716	-0.69904	-154.56764
49.4816	-0.69896	-152.67081
49.4916	-0.699	-154.49579
49.5016	-0.69897	-153.04165
49.5116	-0.69899	-152.44673
49.5216	-0.699	-154.59915
49.5316	-0.69898	-153.6077
49.5416	-0.69899	-151.29513
49.545	-0.69899	-161.56925
49.5462	-0.69903	-150.41194
49.5474	-0.69895	-160.70567
49.5486	-0.69901	-150.28908
49.5524	-0.699	-160.53232
49.5624	-0.69901	-155.78783
49.5724	-0.69896	-155.73161
49.5824	-0.69895	-156.62883
49.5924	-0.69898	-159.54443
49.6024	-0.69899	-157.69172
49.6124	-0.69902	-152.94277
49.6224	-0.69897	-154.56833
49.6324	-0.69903	-157.43409
49.6424	-0.69897	-157.15196
49.6524	-0.69893	-154.97358
49.6624	-0.69898	-154.17466
49.6724	-0.69899	-149.3985
49.6736	-0.69899	-159.67773
49.6836	-0.69899	-155.98641
49.6936	-0.699	-156.21671
49.7036	-0.69899	-154.99184
49.7136	-0.69904	-157.35766
49.7236	-0.699	-155.70069
49.7336	-0.69896	-157.55022
49.7436	-0.699	-155.41525
49.7536	-0.699	-157.30961
49.7636	-0.69903	-155.69701
49.7736	-0.69897	-156.58514
49.7836	-0.69902	-154.10066
49.7936	-0.69895	-156.0536
49.8036	-0.69899	-156.99162
49.8136	-0.69898	-157.70468
49.8236	-0.69902	-158.11074
49.8336	-0.69903	-154.77873
49.8436	-0.69902	-154.88328
49.8536	-0.69896	-156.01285
49.8636	-0.699	-155.36051
49.8736	-0.69897	-157.04131
49.8836	-0.69897	-158.31112
49.8936	-0.69898	-159.54532
49.9036	-0.699	-157.62591
49.9136	-0.69894	-157.10326
49.9236	-0.69901	-155.37921
49.9336	-0.69901	-154.62209
49.9436	-0.69903	-154.05512
49.9536	-0.69901	-156.19351
49.9636	-0.69898	-156.00766
49.9736	-0.69898	-157.37386
49.9836	-0.69899	-153.16401
49.9936	-0.69895	-152.86282
50.0036	-0.69898	-153.33833
50.0136	-0.699	-153.98298
50.0236	-0.69899	-155.31414
50.0336	-0.69896	-154.4565
50.0436	-0.69903	-151.51706
50.0536	-0.69896	-153.24495
50.0636	-0.69896	-154.63971
50.0736	-0.69896	-158.19577
50.0836	-0.69898	-159.39308
50.0936	-0.69904	-157.53484
50.1036	-0.69902	-154.65365
50.1136	-0.69902	-155.62665
50.1236	-0.69898	-156.56531
50.1336	-0.699	-155.17701
50.1436	-0.69901	-155.31079
50.1536	-0.69901	-154.52871
50.1636	-0.69907	-153.71346
50.1736	-0.69898	-153.76155
50.1836	-0.69903	-153.65359
50.1936	-0.69894	-155.49121
50.2036	-0.69897	-155.57563
50.2136	-0.69904	-155.01158
50.2236	-0.69901	-154.97106
50.2336	-0.699	-155.2603
50.2436	-0.69903	-156.95814
50.2536	-0.69901	-155.37478
50.2636	-0.69901	-154.3026
50.2736	-0.69901	-154.30889
50.2836	-0.69899	-152.65553
50.2936	-0.69899	-153.88156
50.3036	-0.69902	-153.82483
50.3136	-0.69897	-157.77562
50.3236	-0.69902	-158.40892
50.3336	-0.69901	-157.36988
50.3436	-0.69904	-156.15667
50.3536	-0.69901	-154.97315
50.3636	-0.69898	-154.93885
50.3736	-0.699	-157.69014
50.3836	-0.69904	-154.63608
50.3936	-0.69899	-155.81422
50.4036	-0.69899	-154.75503
50.4136	-0.69906	-155.93278
50.4236	-0.69899	-155.08387
50.4336	-0.69902	-152.22055
50.4436	-0.69901	-155.46478
50.4536	-0.699	-154.66109
50.4636	-0.69904	-159.17374
50.4736	-0.69899	-157.63531
50.4836	-0.69898	-156.64909
50.4936	-0.69901	-151.52135
50.5036	-0.69898	-151.78263
50.5136	-0.69903	-153.26722
50.5236	-0.69901	-155.07705
50.5336	-0.69896	-157.68296
50.5436	-0.69897	-155.09546
50.5536	-0.69898	-154.95444
50.5636	-0.69899	-155.36403
50.5736	-0.69901	-156.27387
50.5836	-0.69896	-152.73554
50.5936	-0.699	-153.03938
50.6036	-0.69901	-157.17829
50.6136	-0.69905	-158.24175
50.6236	-0.69898	-155.465
50.6336	-0.69899	-154.48494
50.6436	-0.69898	-154.04805
50.6536	-0.69904	-157.51678
50.6636	-0.69901	-156.86891
50.6736	-0.69898	-155.26304
50.6836	-0.69903	-154.22401
50.6936	-0.69899	-153.93175
50.7036	-0.69902	-156.38088
50.7136	-0.69902	-157.66192
50.7236	-0.69904	-156.18905
50.7336	-0.69902	-155.37722
50.7436	-0.69899	-155.13255
50.7536	-0.69902	-154.08186
50.7636	-0.699	-155.07742
50.7736	-0.69899	-156.37011
50.7836	-0.699	-155.46119
50.7936	-0.69899	-156.2362
50.8036	-0.69901	-156.23635
50.8136	-0.69899	-156.5257
50.8236	-0.69903	-155.61602
50.8336	-0.69898	-157.423
50.8436	-0.69897	-156.83565
50.8536	-0.69898	-155.42027
50.8636	-0.69899	-153.87191
50.8736	-0.69895	-156.95298
50.8836	-0.69902	-158.2675
50.8936	-0.69903	-157.99027
50.9036	-0.69901	-155.17806
50.9136	-0.699	-155.39347
50.9236	-0.69893	-154.81761
50.9336	-0.699	-154.72101
50.9436	-0.699	-155.38249
50.9536	-0.69903	-160.04614
50.9548	-0.69897	-149.92384
50.9584	-0.69902	-160.15517
50.9684	-0.69903	-157.39174
50.9784	-0.69899	-153.94008
50.9884	-0.69897	-155.00882
50.9984	-0.69898	-156.00646
51.0084	-0.69899	-156.71131
51.0184	-0.699	-156.09312
51.0284	-0.699	-156.68053
51.0384	-0.69903	-159.46793
51.0484	-0.69899	-157.37204
51.0584	-0.69901	-155.12317
51.0684	-0.69898	-151.82461
51.0784	-0.69896	-150.19155
51.0794	-0.69896	-161.26394
51.0808	-0.69897	-151.06463
51.0866	-0.699	-161.2428
51.088	-0.69899	-151.20597
51.098	-0.69899	-153.42491
51.108	-0.69901	-158.26551
51.118	-0.69901	-158.5322
51.128	-0.699	-157.72645
51.138	-0.69902	-152.43594
51.148	-0.69902	-151.32544
51.1564	-0.69907	-161.74202
51.1576	-0.69899	-150.20187
51.1662	-0.69896	-160.24427
51.1762	-0.69901	-157.35525
51.1862	-0.69904	-157.02427
51.1962	-0.69898	-154.20001
51.2062	-0.69896	-154.47681
51.2162	-0.69899	-153.60931
51.2262	-0.69897	-153.74232
51.2362	-0.69899	-155.86947
51.2462	-0.69894	-156.09068
51.2562	-0.699	-156.19732
51.2662	-0.69898	-156.48368
51.2762	-0.69897	-156.24265
51.2862	-0.69894	-157.2875
51.2962	-0.69895	-157.99398
51.3062	-0.69901	-157.98165
51.3162	-0.69896	-158.06249
51.3262	-0.699	-156.5284
51.3362	-0.69899	-157.15892
51.3462	-0.69896	-158.72392
51.3562	-0.69898	-158.01204
51.3662	-0.69904	-155.14961
51.3762	-0.69898	-155.60975
51.3862	-0.69901	-155.72499
51.3962	-0.69896	-153.44776
51.4062	-0.69901	-155.12906
51.4162	-0.69901	-153.68104
51.4262	-0.69897	-151.5385
51.4362	-0.69899	-154.2945
51.4462	-0.69899	-152.9467
51.4562	-0.69901	-154.86678
51.4662	-0.69901	-155.03363
51.4762	-0.69898	-154.11233
51.4862	-0.699	-150.29788
51.4874	-0.69895	-160.4416
51.4884	-0.69895	-150.14135
51.4898	-0.69901	-161.06274
51.4912	-0.699	-149.94767
51.5012	-0.699	-152.99214
51.5112	-0.69897	-155.78193
51.5212	-0.69893	-156.34009
51.5312	-0.69897	-155.68051
51.5412	-0.69896	-152.58011
51.5512	-0.69899	-153.2221
51.5612	-0.69898	-153.35446
51.5712	-0.69898	-153.44141
51.5812	-0.69899	-153.63297
51.5912	-0.699	-153.59461
51.6012	-0.69896	-154.58188
51.6112	-0.69896	-156.58075
51.6212	-0.69902	-152.36941
51.6312	-0.69899	-152.96712
51.6412	-0.69901	-155.55939
51.6512	-0.69896	-154.22302
51.6612	-0.69899	-158.8628
51.6712	-0.69899	-157.14819
51.6812	-0.69898	-155.79965
51.6912	-0.69904	-156.11268
51.7012	-0.69902	-155.21425
51.7112	-0.69902	-152.80277
51.7212	-0.69901	-154.2806
51.7312	-0.69901	-155.31502
51.7412	-0.69902	-154.78869
51.7512	-0.69899	-155.79462
51.7612	-0.69901	-155.03302
51.7712	-0.69906	-151.86616
51.7812	-0.69903	-153.15302
51.7912	-0.69901	-155.85803
51.8012	-0.69902	-157.75305
51.8112	-0.69903	-156.75427
51.8212	-0.69902	-157.20327
51.8312	-0.69901	-152.41579
51.8412	-0.69903	-151.54706
51.8512	-0.69898	-153.13665
51.8612	-0.69902	-154.49837
51.8712	-0.69901	-155.72964
51.8812	-0.69902	-155.64498
51.8912	-0.69898	-155.93035
51.9012	-0.69903	-154.74383
51.9112	-0.69899	-151.78028
51.9212	-0.69895	-149.81494
51.9222	-0.69899	-159.97983
51.926	-0.69903	-148.32534
51.927	-0.69898	-158.37884
51.937	-0.69904	-158.93066
51.947	-0.69904	-155.38983
51.957	-0.69905	-156.74584
51.967	-0.69898	-154.1254
51.977	-0.69903	-156.37961
51.987	-0.69898	-151.46122
51.997	-0.69902	-152.09228
52.007	-0.69904	-152.73159
52.017	-0.69901	-153.97436
52.027	-0.69905	-157.84804
52.037	-0.69899	-157.96176
52.047	-0.69901	-160.20041
52.057	-0.69901	-154.69617
52.067	-0.699	-156.19342
52.077	-0.69899	-152.27556
52.087	-0.69901	-154.5715
52.097	-0.69901	-156.28049
52.107	-0.69903	-157.01548
52.117	-0.69899	-157.39809
52.127	-0.699	-155.28958
52.137	-0.69903	-154.04819
52.147	-0.69898	-154.74318
52.157	-0.69898	-152.51568
52.167	-0.69901	-155.29109
52.177	-0.69906	-156.89598
52.187	-0.699	-155.46573
52.197	-0.69896	-154.52505
52.207	-0.69902	-154.21796
52.217	-0.69899	-156.76592
52.227	-0.69903	-152.59046
52.237	-0.69896	-153.57521
52.247	-0.69898	-155.23565
52.257	-0.69903	-154.40568
52.267	-0.69897	-152.91722
52.277	-0.69899	-153.37342
52.287	-0.69902	-155.96328
52.297	-0.69896	-155.36519
52.307	-0.69903	-155.97057
52.317	-0.69904	-154.51725
52.327	-0.69901	-155.60342
52.337	-0.69902	-155.93736
52.347	-0.69903	-153.70392
52.357	-0.69903	-153.75066
52.367	-0.69902	-154.66907
52.377	-0.69901	-157.20499
52.387	-0.69896	-157.47449
52.397	-0.69904	-154.12486
52.407	-0.69899	-158.12778
52.417	-0.699	-154.83177
52.427	-0.699	-155.00598
52.437	-0.69904	-153.99979
52.447	-0.69898	-153.67638
52.457	-0.69897	-155.75417
52.467	-0.69901	-154.60566
52.477	-0.69901	-156.80749
52.487	-0.69898	-156.24714
52.497	-0.69902	-156.06827
52.507	-0.69897	-156.41251
52.517	-0.69899	-154.48103
52.527	-0.69898	-155.50268
52.537	-0.699	-156.48199
52.547	-0.699	-153.74707
52.557	-0.69903	-152.93467
52.567	-0.69902	-152.96263
52.577	-0.69903	-153.26943
52.587	-0.69901	-155.58258
52.597	-0.69903	-154.80536
52.607	-0.69901	-152.79794
52.617	-0.69902	-155.28906
52.627	-0.69899	-153.97174
52.637	-0.69903	-153.24869
52.647	-0.699	-157.20005
52.657	-0.69901	-158.79087
52.667	-0.699	-157.04046
52.677	-0.69906	-155.24157
52.687	-0.69902	-151.64882
52.697	-0.699	-156.22207
52.707	-0.69902	-155.05
52.717	-0.69903	-157.64353
52.727	-0.69903	-155.76347
52.737	-0.69899	-156.3738
52.747	-0.69904	-155.85991
52.757	-0.69897	-158.36869
52.767	-0.69898	-158.05746
52.777	-0.69906	-156.64119
52.787	-0.699	-154.94648
52.797	-0.69903	-153.31696
52.807	-0.699	-153.00829
52.817	-0.699	-157.06419
52.827	-0.69905	-155.5982
52.837	-0.699	-153.83937
52.847	-0.69906	-154.10183
52.857	-0.69901	-153.96274
52.867	-0.699	-157.6922
52.877	-0.69904	-157.23202
52.887	-0.69903	-156.07948
52.897	-0.69897	-155.11908
52.907	-0.69903	-154.08683
52.917	-0.69899	-156.86537
52.927	-0.69899	-155.4486
52.937	-0.69898	-154.10325
52.947	-0.69898	-154.41319
52.957	-0.69904	-155.82117
52.967	-0.69901	-154.91916
52.977	-0.69899	-153.79145
52.987	-0.69896	-153.77817
52.997	-0.69898	-151.87382
53.007	-0.69901	-152.79373
53.017	-0.699	-153.3154
53.027	-0.69898	-151.53422
53.037	-0.69896	-155.72337
53.047	-0.69904	-153.45753
53.057	-0.69903	-154.26519
53.067	-0.69904	-153.63801
53.077	-0.69898	-153.81448
53.087	-0.69903	-152.7158
53.097	-0.69903	-155.94658
53.107	-0.69899	-153.94265
53.117	-0.69897	-154.89731
53.127	-0.69899	-154.72631
53.137	-0.69904	-155.30324
53.147	-0.69902	-157.46718
53.157	-0.69899	-155.82707
53.167	-0.69898	-155.1184
53.177	-0.69903	-155.35102
53.187	-0.69898	-160.14981
53.197	-0.69901	-158.4911
53.207	-0.699	-158.39787
53.217	-0.69902	-158.16545
53.227	-0.69901	-155.97487
53.237	-0.69903	-154.54118
53.247	-0.69901	-155.34964
53.257	-0.69898	-153.87407
53.267	-0.699	-157.46822
53.277	-0.69902	-155.95981
53.287	-0.69901	-155.23196
53.297	-0.69897	-155.46586
53.307	-0.69899	-156.63966
53.317	-0.699	-155.69873
53.327	-0.69902	-156.76594
53.337	-0.69895	-154.24821
53.347	-0.69898	-154.03218
53.357	-0.69904	-155.27786
53.367	-0.69898	-153.73844
53.377	-0.69898	-153.56972
53.387	-0.69902	-152.62468
53.397	-0.69901	-154.83289
53.407	-0.69901	-155.55933
53.417	-0.69897	-155.06838
53.427	-0.699	-151.89693
53.437	-0.69904	-152.39794
53.447	-0.69899	-152.65041
53.457	-0.69901	-152.35379
53.467	-0.69903	-154.26231
53.477	-0.69903	-154.28979
53.487	-0.699	-152.78374
53.497	-0.69901	-154.49983
53.507	-0.69897	-154.58562
53.517	-0.69902	-152.79463
53.527	-0.69898	-154.23471
53.537	-0.69898	-154.79465
53.547	-0.69899	-153.9229
53.557	-0.69899	-153.54507
53.567	-0.69899	-154.61369
53.577	-0.69897	-154.49632
53.587	-0.69899	-153.33904
53.597	-0.69899	-152.853
53.607	-0.69899	-153.86983
53.617	-0.699	-154.10028
53.627	-0.69903	-152.93186
53.637	-0.69895	-154.89651
53.647	-0.69899	-153.68782
53.657	-0.69901	-153.10347
53.667	-0.69901	-155.00397
53.677	-0.69899	-152.38284
53.687	-0.69902	-152.59569
53.697	-0.69896	-154.10244
53.707	-0.699	-155.1132
53.717	-0.69903	-152.94393
53.727	-0.69896	-154.19711
53.737	-0.69902	-156.84114
53.747	-0.69898	-155.53915
53.757	-0.69897	-156.43657
53.767	-0.699	-155.53837
53.777	-0.69903	-153.18082
53.787	-0.699	-153.99898
53.797	-0.69896	-156.16206
53.807	-0.69898	-155.38026
53.817	-0.69903	-155.19061
53.827	-0.69901	-154.54232
53.837	-0.69903	-157.04208
53.847	-0.69899	-159.19574
53.857	-0.69903	-154.88503
53.867	-0.69892	-155.31319
53.877	-0.699	-157.33906
53.887	-0.69901	-155.12164
53.897	-0.69901	-154.84822
53.907	-0.69898	-154.73277
53.917	-0.69898	-157.27719
53.927	-0.69897	-158.2529
53.937	-0.69901	-156.9978
53.947	-0.69896	-154.4423
53.957	-0.69899	-155.3631
53.967	-0.69898	-157.01616
53.977	-0.69904	-157.75653
53.987	-0.699	-157.89139
53.997	-0.69896	-156.15041
54.007	-0.69899	-155.92138
54.017	-0.69902	-158.62192
54.027	-0.69906	-156.23019
54.037	-0.69903	-156.42534
54.047	-0.69899	-157.44408
54.057	-0.69897	-156.71849
54.067	-0.69899	-155.68499
54.077	-0.69898	-157.44101
54.087	-0.69899	-157.04117
54.097	-0.69904	-154.92368
54.107	-0.69901	-157.17143
54.117	-0.69901	-155.33786
54.127	-0.69896	-156.13249
54.137	-0.69903	-155.4118
54.147	-0.69901	-154.84984
54.157	-0.69901	-155.13885
54.167	-0.69904	-155.93447
54.177	-0.699	-158.44599
54.187	-0.69899	-158.10606
54.197	-0.69898	-156.99251
54.207	-0.699	-157.6101
54.217	-0.699	-158.50206
54.227	-0.69899	-157.8545
54.237	-0.69899	-158.98378
54.247	-0.69903	-157.38254
54.257	-0.69904	-156.15589
54.267	-0.69905	-156.13986
54.277	-0.69903	-156.26321
54.287	-0.69899	-157.07602
54.297	-0.69902	-154.81683
54.307	-0.69902	-154.30628
54.317	-0.699	-154.09029
54.327	-0.69902	-156.01685
54.337	-0.69902	-158.02978
54.347	-0.69903	-152.46441
54.357	-0.69906	-154.01332
54.367	-0.69901	-155.93579
54.377	-0.69899	-157.14485
54.387	-0.69903	-155.9728
54.397	-0.699	-155.08161
54.407	-0.69898	-155.99771
54.417	-0.69898	-156.95053
54.427	-0.69899	-157.11632
54.437	-0.69903	-156.08084
54.447	-0.699	-153.76366
54.457	-0.69903	-155.09841
54.467	-0.69898	-155.80915
54.477	-0.69898	-156.0751
54.487	-0.69902	-157.50406
54.497	-0.69904	-154.07967
54.507	-0.69905	-154.90905
54.517	-0.69898	-155.59594
54.527	-0.69905	-155.28056
54.537	-0.69899	-154.23817
54.547	-0.69901	-155.09562
54.557	-0.69899	-152.79292
54.567	-0.69899	-150.52213
54.577	-0.69901	-151.95596
54.587	-0.69899	-154.87046
54.597	-0.69897	-156.64359
54.607	-0.699	-158.04846
54.617	-0.699	-158.73761
54.627	-0.69901	-155.81935
54.637	-0.69902	-155.96461
54.647	-0.69898	-155.77204
54.657	-0.69904	-152.74662
54.667	-0.69902	-153.07842
54.677	-0.69901	-153.50714
54.687	-0.69901	-154.54856
54.697	-0.699	-152.11231
54.707	-0.69898	-156.33866
54.717	-0.69903	-153.8551
54.727	-0.699	-155.10135
54.737	-0.69898	-155.08314
54.747	-0.69901	-153.82211
54.757	-0.69901	-154.36734
54.767	-0.69899	-155.07848
54.777	-0.69899	-156.7111
54.787	-0.699	-155.76916
54.797	-0.69901	-155.50334
54.807	-0.69898	-157.79592
54.817	-0.69902	-157.91447
54.827	-0.69899	-157.37355
54.837	-0.69898	-154.95995
54.847	-0.69899	-155.97347
54.857	-0.69903	-156.11609
54.867	-0.69901	-157.24714
54.877	-0.69901	-157.26674
54.887	-0.69903	-153.58674
54.897	-0.69901	-156.77863
54.907	-0.69901	-157.19966
54.917	-0.699	-156.93378
54.927	-0.69902	-155.95572
54.937	-0.69904	-154.75938
54.947	-0.699	-156.6665
54.957	-0.699	-152.42721
54.967	-0.69901	-154.39731
54.977	-0.69903	-154.11123
54.987	-0.69903	-155.92168
54.997	-0.69899	-155.13302
55.007	-0.69898	-153.69422
55.017	-0.69898	-154.58745
55.027	-0.69903	-154.59547
55.037	-0.69899	-155.90652
55.047	-0.69904	-157.94578
55.057	-0.69901	-155.57903
55.067	-0.69902	-155.18404
55.077	-0.69901	-154.43213
55.087	-0.69899	-152.78339
55.097	-0.699	-155.1322
55.107	-0.69899	-153.52032
55.117	-0.69898	-157.1657
55.127	-0.699	-157.15362
55.137	-0.69905	-157.4868
55.147	-0.69899	-154.18205
55.157	-0.699	-154.59734
55.167	-0.69899	-154.94791
55.177	-0.69903	-153.7275
55.187	-0.69902	-154.81623
55.197	-0.69903	-157.12992
55.207	-0.699	-156.05845
55.217	-0.69903	-156.68827
55.227	-0.69901	-155.35002
55.237	-0.69901	-152.48452
55.247	-0.69901	-153.75809
55.257	-0.69907	-155.82997
55.267	-0.69905	-155.77716
55.277	-0.69901	-155.77287
55.287	-0.69903	-153.8715
55.297	-0.69903	-156.52603
55.307	-0.69903	-156.17182
55.317	-0.69902	-154.88655
55.327	-0.69901	-155.18704
55.337	-0.69901	-156.15038
55.347	-0.69902	-154.31402
55.357	-0.699	-155.07834
55.367	-0.69895	-155.88289
55.377	-0.69897	-155.80689
55.387	-0.69901	-155.68342
55.397	-0.69902	-155.88891
55.407	-0.69896	-155.29541
55.417	-0.69905	-152.05373
55.427	-0.69904	-153.01254
55.437	-0.69901	-154.9364
55.447	-0.69903	-155.68472
55.457	-0.69898	-155.35272
55.467	-0.69903	-159.81631
55.4686	-0.69905	-149.08966
55.4696	-0.69901	-159.88277
55.4708	-0.699	-148.78738
55.4718	-0.69899	-158.791
55.4818	-0.69895	-157.73668
55.4918	-0.69898	-153.4346
55.5018	-0.69901	-154.77269
55.5118	-0.69899	-154.75163
55.5218	-0.69903	-154.13147
55.5318	-0.69898	-154.30467
55.5418	-0.69898	-155.07109
55.5518	-0.69902	-153.63538
55.5618	-0.69894	-157.68101
55.5718	-0.69903	-158.61451
55.5818	-0.69901	-156.45477
55.5918	-0.69903	-156.37659
55.6018	-0.69903	-156.96315
55.6118	-0.699	-156.76926
55.6218	-0.69903	-155.14124
55.6318	-0.69904	-154.66262
55.6418	-0.69896	-154.56287
55.6518	-0.69903	-155.82603
55.6618	-0.69907	-154.68285
55.6718	-0.69899	-154.54449
55.6818	-0.69899	-152.98487
55.6918	-0.69903	-154.06353
55.7018	-0.69896	-158.74531
55.7118	-0.69902	-158.54781
55.7218	-0.69901	-155.60801
55.7318	-0.69898	-157.37547
55.7418	-0.69901	-159.44268
55.7518	-0.69903	-155.20867
55.7618	-0.69896	-155.35294
55.7718	-0.69904	-154.82259
55.7818	-0.699	-153.76222
55.7918	-0.69898	-154.86727
55.8018	-0.69898	-154.3295
55.8118	-0.69901	-154.84102
55.8218	-0.699	-154.61413
55.8318	-0.69901	-156.6935
55.8418	-0.69899	-153.70203
55.8518	-0.69904	-154.0167
55.8618	-0.69903	-155.31292
55.8718	-0.69903	-157.54006
55.8818	-0.69898	-159.08073
55.8918	-0.699	-155.78466
55.9018	-0.69903	-154.95296
55.9118	-0.69901	-155.68105
55.9218	-0.69899	-158.58008
55.9318	-0.699	-156.42796
55.9418	-0.69904	-157.93026
55.9518	-0.69902	-160.2471
55.9618	-0.69901	-158.56762
55.9718	-0.69903	-159.06051
55.9818	-0.699	-156.65501
55.9918	-0.699	-155.12306
56.0018	-0.699	-155.01124
56.0118	-0.69901	-155.74943
56.0218	-0.69901	-156.34518
56.0318	-0.69906	-156.73186
56.0418	-0.69902	-156.95777
56.0518	-0.69898	-155.04446
56.0618	-0.69903	-154.69861
56.0718	-0.69903	-154.4997
56.0818	-0.69901	-154.19961
56.0918	-0.69901	-154.2891
56.1018	-0.69904	-153.83009
56.1118	-0.69903	-151.30709
56.1218	-0.69901	-154.68925
56.1318	-0.69904	-152.62862
56.1418	-0.69898	-153.27709
56.1518	-0.699	-152.26863
56.1618	-0.699	-153.86662
56.1718	-0.69904	-153.20647
56.1818	-0.69903	-152.62486
56.1918	-0.69899	-150.68657
56.2018	-0.69898	-153.19404
56.2118	-0.69902	-156.7055
56.2218	-0.69901	-155.15162
56.2318	-0.69903	-155.41325
56.2418	-0.69901	-156.10925
56.2518	-0.69898	-157.88763
56.2618	-0.69902	-157.18517
56.2718	-0.69899	-157.95993
56.2818	-0.69904	-155.88674
56.2918	-0.69903	-156.2764
56.3018	-0.69901	-156.06298
56.3118	-0.69898	-155.58804
56.3218	-0.69907	-155.12342
56.3318	-0.69903	-155.82647
56.3418	-0.69898	-154.66772
56.3518	-0.69903	-153.30394
56.3618	-0.69898	-153.44995
56.3718	-0.69899	-154.72015
56.3818	-0.69902	-152.59286
56.3918	-0.69905	-156.36301
56.4018	-0.69904	-155.12745
56.4118	-0.69901	-152.25626
56.4218	-0.69898	-155.39774
56.4318	-0.69897	-153.83611
56.4418	-0.69901	-154.37872
56.4518	-0.69902	-154.5766
56.4618	-0.699	-152.56062
56.4718	-0.69902	-154.72311
56.4818	-0.69899	-157.06155
56.4918	-0.69899	-155.16045
56.5018	-0.69903	-154.59308
56.5118	-0.69897	-153.70684
56.5218	-0.69901	-155.55152
56.5318	-0.69902	-154.46929
56.5418	-0.69906	-154.87593
56.5518	-0.69905	-154.2904
56.5618	-0.69905	-153.93604
56.5718	-0.699	-155.58417
56.5818	-0.69901	-156.62044
56.5918	-0.69899	-157.46033
56.6018	-0.69902	-156.9729
56.6118	-0.69898	-155.83319
56.6218	-0.69903	-156.36599
56.6318	-0.69899	-156.41201
56.6418	-0.69904	-156.01465
56.6518	-0.699	-153.66601
56.6618	-0.69897	-156.66789
56.6718	-0.69899	-154.19337
56.6818	-0.69902	-158.83067
56.6918	-0.69901	-157.41192
56.7018	-0.69902	-153.41091
56.7118	-0.69903	-155.59093
56.7218	-0.699	-154.48232
56.7318	-0.69901	-156.15073
56.7418	-0.69901	-155.26371
56.7518	-0.69901	-155.1044
56.7618	-0.69898	-155.95056
56.7718	-0.69899	-156.12449
56.7818	-0.69905	-151.68403
56.7918	-0.69905	-153.08291
56.8018	-0.69906	-155.13042
56.8118	-0.69905	-158.8491
56.8218	-0.69902	-157.45195
56.8318	-0.69899	-153.59689
56.8418	-0.69901	-153.38921
56.8518	-0.69903	-156.86128
56.8618	-0.69903	-157.89432
56.8718	-0.69903	-157.32998
56.8818	-0.69901	-155.48623
56.8918	-0.69904	-154.39474
56.9018	-0.69901	-155.99254
56.9118	-0.69906	-158.15378
56.9218	-0.69904	-156.87283
56.9318	-0.69902	-155.13929
56.9418	-0.69905	-155.37243
56.9518	-0.69901	-153.64533
56.9618	-0.69902	-155.72914
56.9718	-0.69898	-153.08228
56.9818	-0.69902	-152.87176
56.9918	-0.69898	-155.73576
57.0018	-0.69903	-155.98961
57.0118	-0.69897	-155.01293
57.0218	-0.69903	-157.33478
57.0318	-0.69903	-155.1451
57.0418	-0.69899	-152.47875
57.0518	-0.69903	-154.27035
57.0618	-0.699	-159.10923
57.0718	-0.699	-156.08369
57.0818	-0.69901	-155.17736
57.0918	-0.69905	-154.74892
57.1018	-0.699	-156.41503
57.1118	-0.69899	-159.12516
57.1218	-0.69899	-157.7956
57.1318	-0.699	-155.15865
57.1418	-0.69897	-154.55477
57.1518	-0.699	-156.21779
57.1618	-0.69904	-154.70053
57.1718	-0.69902	-155.93943
57.1818	-0.699	-152.29108
57.1918	-0.69898	-153.15237
57.2018	-0.69901	-150.55546
57.2052	-0.699	-160.56053
57.2152	-0.69902	-157.97046
57.2252	-0.69902	-157.61506
57.2352	-0.699	-153.01138
57.2452	-0.69904	-155.87879
57.2552	-0.69901	-154.85296
57.2652	-0.699	-154.61401
57.2752	-0.69906	-157.12288
57.2852	-0.69902	-157.1124
57.2952	-0.69902	-155.82786
57.3052	-0.69899	-154.41849
57.3152	-0.69905	-154.72257
57.3252	-0.69904	-155.31182
57.3352	-0.69906	-159.49571
57.3452	-0.69902	-157.09456
57.3552	-0.69903	-156.62421
57.3652	-0.69899	-156.74075
57.3752	-0.69899	-157.8326
57.3852	-0.69898	-156.47629
57.3952	-0.69903	-153.05677
57.4052	-0.699	-153.6562
57.4152	-0.69899	-154.87015
57.4252	-0.69903	-154.68714
57.4352	-0.69901	-155.55518
57.4452	-0.699	-154.97754
57.4552	-0.69904	-156.94123
57.4652	-0.69896	-158.17442
57.4752	-0.69897	-155.23894
57.4852	-0.69897	-157.191
57.4952	-0.699	-156.28787
57.5052	-0.69904	-158.07491
57.5152	-0.69901	-154.86138
57.5252	-0.69904	-154.98757
57.5352	-0.699	-154.29191
57.5452	-0.69896	-155.91013
57.5552	-0.69901	-156.83004
57.5652	-0.69899	-154.90724
57.5752	-0.69898	-155.38809
57.5852	-0.69903	-160.21424
57.5952	-0.69901	-158.02777
57.6052	-0.69901	-154.3527
57.6152	-0.69897	-154.0601
57.6252	-0.69906	-153.60084
57.6352	-0.69898	-156.87769
57.6452	-0.699	-157.27737
57.6552	-0.69899	-156.87915
57.6652	-0.69902	-151.51537
57.6752	-0.69899	-155.88959
57.6852	-0.69905	-154.64323
57.6952	-0.69899	-158.0803
57.7052	-0.69903	-155.80567
57.7152	-0.69905	-156.26091
57.7252	-0.699	-155.30964
57.7352	-0.69898	-155.93072
57.7452	-0.69901	-155.99481
57.7552	-0.69902	-153.86357
57.7652	-0.69901	-153.88542
57.7752	-0.69898	-156.87793
57.7852	-0.69903	-156.66771
57.7952	-0.69902	-152.03294
57.8052	-0.69903	-153.68512
57.8152	-0.69908	-153.46006
57.8252	-0.69903	-153.6896
57.8352	-0.69901	-152.69873
57.8452	-0.69899	-154.83992
57.8552	-0.699	-155.87382
57.8652	-0.69904	-158.98743
57.8752	-0.69906	-157.67
57.8852	-0.69899	-153.55162
57.8952	-0.69893	-153.53855
57.9052	-0.69899	-153.98736
57.9152	-0.69901	-156.15623
57.9252	-0.699	-152.64571
57.9352	-0.69901	-154.01012
57.9452	-0.69902	-153.11652
57.9552	-0.69902	-157.61238
57.9652	-0.69896	-156.01411
57.9752	-0.699	-155.11634
57.9852	-0.69901	-153.23013
57.9952	-0.699	-154.48992
58.0052	-0.69899	-155.61983
58.0152	-0.69901	-157.01511
58.0252	-0.69896	-155.33688
58.0352	-0.69907	-154.86023
58.0452	-0.69897	-156.53899
58.0552	-0.69901	-154.96701
58.0652	-0.69902	-153.39558
58.0752	-0.69905	-151.96304
58.0852	-0.699	-154.69666
58.0952	-0.69901	-156.58838
58.1052	-0.69898	-153.53208
58.1152	-0.69894	-152.857
58.1252	-0.69895	-153.43556
58.1352	-0.69901	-154.49217
58.1452	-0.69899	-154.97601
58.1552	-0.69903	-152.14351
58.1652	-0.69902	-152.99163
58.1752	-0.699	-157.12327
58.1852	-0.69895	-154.75317
58.1952	-0.69902	-157.03543
58.2052	-0.69901	-155.06893
58.2152	-0.69902	-156.27124
58.2252	-0.69901	-154.17835
58.2352	-0.69899	-153.15034
58.2452	-0.69895	-153.39255
58.2552	-0.69901	-154.13357
58.2652	-0.69897	-154.24123
58.2752	-0.69904	-153.4946
58.2852	-0.69898	-152.45494
58.2952	-0.69904	-152.94015
58.3052	-0.69901	-154.75035
58.3152	-0.69898	-155.90857
58.3252	-0.69898	-156.8248
58.3352	-0.69901	-154.70268
58.3452	-0.69904	-155.86902
58.3552	-0.69902	-155.72618
58.3652	-0.69902	-154.08008
58.3752	-0.69905	-155.9643
58.3852	-0.69904	-154.41337
58.3952	-0.69898	-155.50791
58.4052	-0.69902	-156.19746
58.4152	-0.69895	-154.86378
58.4252	-0.69898	-158.2751
58.4352	-0.69895	-159.65446
58.439	-0.69903	-149.51681
58.4426	-0.69905	-159.69391
58.4526	-0.69898	-154.85931
58.4626	-0.69904	-155.40958
58.4726	-0.699	-153.10118
58.4826	-0.69901	-158.57388
58.4926	-0.69901	-158.5294
58.5026	-0.69901	-157.00854
58.5126	-0.699	-158.4864
58.5226	-0.69898	-154.91788
58.5326	-0.69899	-156.90031
58.5426	-0.69899	-157.31015
58.5526	-0.69899	-157.83834
58.5626	-0.699	-161.088
58.5636	-0.69902	-150.40237
58.5648	-0.69896	-160.4671
58.566	-0.69903	-149.70114
58.5672	-0.69904	-159.95396
58.5712	-0.69901	-149.51509
58.5722	-0.69895	-160.89592
58.5734	-0.69904	-149.31693
58.5746	-0.69902	-160.74702
58.5758	-0.69899	-150.63003
58.5858	-0.699	-154.59555
58.5958	-0.69904	-153.75102
58.6058	-0.69896	-152.93359
58.6158	-0.69897	-155.60745
58.6258	-0.69902	-153.91194
58.6358	-0.69905	-156.60105
58.6458	-0.699	-154.71807
58.6558	-0.69898	-155.28592
58.6658	-0.69901	-153.85271
58.6758	-0.69902	-154.36872
58.6858	-0.69899	-154.79038
58.6958	-0.69902	-158.76304
58.7058	-0.69901	-154.76903
58.7158	-0.69902	-158.39268
58.7258	-0.69899	-156.95896
58.7358	-0.69899	-156.72032
58.7458	-0.69903	-157.28826
58.7558	-0.69899	-156.70756
58.7658	-0.69897	-157.67969
58.7758	-0.69904	-157.66604
58.7858	-0.69898	-157.07131
58.7958	-0.69902	-156.34181
58.8058	-0.69903	-157.3775
58.8158	-0.69904	-155.93028
58.8258	-0.69904	-157.4027
58.8358	-0.69901	-156.1437
58.8458	-0.69899	-157.28044
58.8558	-0.69902	-160.47989
58.8572	-0.69901	-149.98049
58.8584	-0.69902	-160.06696
58.8622	-0.699	-149.82953
58.8634	-0.69901	-160.47194
58.8644	-0.69902	-150.47117
58.8658	-0.69904	-160.73663
58.8758	-0.69904	-158.84757
58.8858	-0.69903	-155.23078
58.8958	-0.69901	-157.12385
58.9058	-0.69903	-157.22313
58.9158	-0.69901	-153.63572
58.9258	-0.69901	-153.7116
58.9358	-0.69901	-155.58231
58.9458	-0.69904	-158.84378
58.9558	-0.69901	-158.96856
58.9658	-0.69903	-154.30963
58.9758	-0.69901	-154.36629
58.9858	-0.69902	-152.66494
58.9958	-0.69901	-156.55134
59.0058	-0.69902	-157.88372
59.0158	-0.69899	-155.5516
59.0258	-0.69899	-154.8778
59.0358	-0.69899	-155.00817
59.0458	-0.69898	-156.74887
59.0558	-0.69904	-154.72511
59.0658	-0.69901	-152.61922
59.0758	-0.69899	-155.00396
59.0858	-0.69902	-157.70341
59.0958	-0.69899	-155.72623
59.1058	-0.69899	-153.04529
59.1158	-0.69901	-152.14644
59.1258	-0.69901	-157.44118
59.1358	-0.69897	-154.60297
59.1458	-0.69901	-156.66413
59.1558	-0.69902	-155.3679
59.1658	-0.69897	-154.02134
59.1758	-0.69899	-156.82046
59.1858	-0.69897	-155.06457
59.1958	-0.69899	-156.07905
59.2058	-0.69904	-153.45873
59.2158	-0.69896	-154.96086
59.2258	-0.69902	-154.36895
59.2358	-0.69898	-154.45859
59.2458	-0.69896	-153.9141
59.2558	-0.69898	-154.56415
59.2658	-0.699	-156.36508
59.2758	-0.69901	-153.24925
59.2858	-0.69899	-155.38879
59.2958	-0.699	-153.1027
59.3058	-0.69898	-151.99096
59.3158	-0.69899	-153.78184
59.3258	-0.69901	-151.33739
59.3358	-0.69902	-154.02158
59.3458	-0.69903	-156.102
59.3558	-0.69902	-157.04165
59.3658	-0.69903	-159.30033
59.3758	-0.69896	-157.41794
59.3858	-0.69901	-157.5461
59.3958	-0.69902	-157.02155
59.4058	-0.69903	-155.38195
59.4158	-0.69901	-155.11702
59.4258	-0.69901	-153.94239
59.4358	-0.69903	-155.48164
59.4458	-0.69902	-154.3834
59.4558	-0.69903	-156.78572
59.4658	-0.69904	-157.43625
59.4758	-0.69896	-154.38103
59.4858	-0.69901	-154.55535
59.4958	-0.69901	-157.72994
59.5058	-0.699	-157.84943
59.5158	-0.69904	-156.23517
59.5258	-0.699	-153.57149
59.5358	-0.69902	-155.38143
59.5458	-0.69903	-155.44677
59.5558	-0.69899	-155.14686
59.5658	-0.69901	-153.30822
59.5758	-0.69899	-153.4189
59.5858	-0.699	-155.58319
59.5958	-0.699	-158.9292
59.6044	-0.69898	-148.33536
59.6054	-0.69903	-159.68944
59.6092	-0.69899	-149.61837
59.6106	-0.69899	-160.11664
59.6206	-0.69906	-156.5319
59.6306	-0.69899	-156.18912
59.6406	-0.699	-154.92284
59.6506	-0.69901	-153.47993
59.6606	-0.69896	-154.04932
59.6706	-0.69898	-154.51312
59.6806	-0.69898	-156.02521
59.6906	-0.69897	-155.82039
59.7006	-0.69903	-158.98846
59.7106	-0.69901	-157.71941
59.7206	-0.69902	-153.44395
59.7306	-0.69901	-156.73297
59.7406	-0.69901	-156.94827
59.7506	-0.69898	-155.32413
59.7606	-0.69897	-153.80337
59.7706	-0.69901	-153.59687
59.7806	-0.699	-155.51679
59.7906	-0.69897	-156.93792
59.8006	-0.69901	-157.2533
59.8106	-0.69903	-153.60826
59.8206	-0.69901	-154.34446
59.8306	-0.69896	-154.70094
59.8406	-0.699	-154.93393
59.8506	-0.699	-153.59731
59.8606	-0.69903	-154.11585
59.8706	-0.69896	-156.50915
59.8806	-0.69903	-157.2152
59.8906	-0.699	-155.73556
59.9006	-0.69898	-156.43244
59.9106	-0.69903	-155.01119
59.9206	-0.69899	-155.80822
59.9306	-0.69904	-154.23215
59.9406	-0.69898	-153.74725
59.9506	-0.699	-154.39954
59.9606	-0.69908	-157.94083
59.9706	-0.69902	-157.89134
59.9806	-0.69899	-156.57317
59.9906	-0.69898	-158.03215
60.0006	-0.69901	-156.96332
60.0106	-0.69901	-156.46064
60.0206	-0.69903	-155.0852
60.0306	-0.69898	-157.34098
60.0406	-0.69897	-157.9875
60.0506	-0.69901	-154.51957
60.0606	-0.69899	-156.27259
60.0706	-0.69902	-156.29523
60.0806	-0.69899	-155.38441
60.0906	-0.69901	-153.86787
60.1006	-0.69899	-153.32792
60.1106	-0.69899	-153.89148
60.1206	-0.69898	-152.98276
60.1306	-0.69903	-155.48459
60.1406	-0.699	-156.39439
60.1506	-0.69902	-156.68985
60.1606	-0.69902	-155.14831
60.1706	-0.69899	-155.04763
60.1806	-0.69903	-154.02981
60.1906	-0.69899	-154.08128
60.2006	-0.69905	-152.97807
60.2106	-0.69903	-149.90684
60.2118	-0.699	-159.98882
60.2218	-0.69897	-156.54675
60.2318	-0.69903	-156.72879
60.2418	-0.69899	-156.25167
60.2518	-0.69896	-158.52737
60.2618	-0.69902	-156.45378
60.2718	-0.69899	-157.63331
60.2818	-0.69898	-159.04693
60.2918	-0.69896	-157.90664
60.3018	-0.69901	-156.34964
60.3118	-0.699	-152.85339
60.3218	-0.69899	-154.0571
60.3318	-0.69903	-155.05273
60.3418	-0.69897	-153.81917
60.3518	-0.699	-156.21282
60.3618	-0.69896	-152.48875
60.3718	-0.69901	-152.59354
60.375	-0.69899	-162.63962
60.376	-0.69899	-152.21492
60.386	-0.69899	-151.39678
60.3898	-0.699	-161.63774
60.393	-0.69899	-151.42928
60.403	-0.699	-155.20432
60.413	-0.699	-154.85722
60.423	-0.69901	-155.56589
60.433	-0.69897	-155.77777
60.443	-0.69899	-157.03662
60.453	-0.69904	-158.76303
60.463	-0.699	-157.803
60.473	-0.69899	-158.03732
60.483	-0.699	-154.59628
60.493	-0.699	-154.9533
60.503	-0.69903	-155.91498
60.513	-0.699	-157.74076
60.523	-0.69898	-155.95613
60.533	-0.69899	-154.56777
60.543	-0.69904	-155.61713
60.553	-0.69903	-158.81368
60.563	-0.69906	-157.20563
60.573	-0.69896	-156.62864
60.583	-0.69901	-153.42442
60.593	-0.699	-156.06882
60.603	-0.69898	-154.18313
60.613	-0.69906	-155.93164
60.623	-0.69904	-154.23176
60.633	-0.69904	-154.31475
60.643	-0.69901	-156.10209
60.653	-0.69898	-154.76343
60.663	-0.69897	-156.31515
60.673	-0.69899	-154.102
60.683	-0.69901	-154.87082
60.693	-0.69901	-155.55672
60.703	-0.69897	-156.32489
60.713	-0.69904	-154.06835
60.723	-0.69902	-155.54158
60.733	-0.69896	-154.21794
60.743	-0.699	-156.89763
60.753	-0.69899	-151.56607
60.763	-0.69904	-152.81775
60.773	-0.69897	-153.05709
60.783	-0.69903	-155.76047
60.793	-0.69898	-155.11841
60.803	-0.69902	-154.82729
60.813	-0.69903	-153.48057
60.823	-0.69898	-156.10402
60.833	-0.69899	-155.19353
60.843	-0.699	-154.21482
60.853	-0.699	-155.44499
60.863	-0.69904	-155.46631
60.873	-0.699	-156.24082
60.883	-0.69902	-156.14141
60.893	-0.69903	-156.97971
60.903	-0.69904	-157.21221
60.913	-0.69901	-157.88221
60.923	-0.69899	-154.45448
60.933	-0.69895	-156.90736
60.943	-0.699	-157.77944
60.953	-0.69901	-158.67073
60.963	-0.699	-158.30949
60.973	-0.69898	-158.35548
60.983	-0.69902	-155.76029
60.993	-0.69896	-156.29628
61.003	-0.69904	-158.47367
61.013	-0.69898	-154.96083
61.023	-0.69906	-156.2136
61.033	-0.69902	-152.98774
61.043	-0.69902	-153.50665
61.053	-0.69899	-154.36014
61.063	-0.69903	-156.04442
61.073	-0.69903	-154.47405
61.083	-0.69904	-155.87307
61.093	-0.69903	-155.89883
61.103	-0.699	-157.29174
61.113	-0.699	-157.84258
61.123	-0.69901	-156.00101
61.133	-0.69899	-156.09443
61.143	-0.699	-153.747
61.153	-0.69901	-153.02122
61.163	-0.69898	-154.52856
61.173	-0.69899	-157.40633
61.183	-0.69896	-158.03165
61.193	-0.699	-156.24771
61.203	-0.69902	-156.21531
61.213	-0.69899	-154.52189
61.223	-0.69901	-156.13847
61.233	-0.69895	-154.70845
61.243	-0.69895	-155.65973
61.253	-0.69898	-154.5786
61.263	-0.69901	-158.05254
61.273	-0.69898	-155.54096
61.283	-0.69901	-156.2381
61.293	-0.69894	-156.01219
61.303	-0.69899	-156.76291
61.313	-0.69901	-156.34636
61.323	-0.69899	-154.93303
61.333	-0.699	-154.80286
61.343	-0.69904	-155.43154
61.353	-0.69899	-155.31975
61.363	-0.69899	-156.97732
61.373	-0.69904	-158.58321
61.383	-0.699	-156.59428
61.393	-0.69896	-153.85778
61.403	-0.69899	-154.79662
61.413	-0.699	-154.94824
61.423	-0.69896	-157.66193
61.433	-0.699	-158.52717
61.443	-0.69902	-155.98131
61.453	-0.69901	-156.55525
61.463	-0.69904	-155.72522
61.473	-0.69899	-155.40998
61.483	-0.69899	-156.23286
61.493	-0.69903	-154.68163
61.503	-0.69903	-154.56781
61.513	-0.69901	-157.88396
61.523	-0.69904	-157.84104
61.533	-0.69899	-157.81747
61.543	-0.69903	-155.84101
61.553	-0.69899	-155.96201
61.563	-0.699	-155.54001
61.573	-0.69904	-154.00526
61.583	-0.69898	-153.56652
61.593	-0.69898	-156.05886
61.603	-0.69899	-156.92663
61.613	-0.69898	-157.83557
61.623	-0.69901	-159.38483
61.633	-0.69894	-157.02042
61.643	-0.69903	-152.52377
61.653	-0.69898	-155.40243
61.663	-0.69903	-156.30044
61.673	-0.69903	-155.17841
61.683	-0.69905	-156.689
61.693	-0.69901	-154.8751
61.703	-0.699	-155.67275
61.713	-0.69898	-156.53963
61.723	-0.69901	-158.16556
61.733	-0.69905	-157.87339
61.743	-0.69899	-156.91326
61.753	-0.69901	-154.15469
61.763	-0.69899	-150.1875
61.764	-0.69903	-160.45371
61.774	-0.69902	-157.53567
61.784	-0.69897	-158.37523
61.794	-0.69898	-158.96569
61.804	-0.69902	-158.39555
61.814	-0.699	-158.47628
61.824	-0.69901	-157.19895
61.834	-0.69899	-157.6925
61.844	-0.69903	-160.27663
61.854	-0.69901	-158.83315
61.864	-0.69902	-157.40643
61.874	-0.69899	-154.20757
61.884	-0.69898	-153.99858
61.894	-0.69898	-156.61186
61.904	-0.69901	-159.37643
61.914	-0.69906	-157.66541
61.924	-0.699	-157.67142
61.934	-0.69899	-156.4551
61.944	-0.69899	-156.79331
61.954	-0.69901	-154.8413
61.964	-0.69899	-154.77779
61.974	-0.69903	-151.4171
61.984	-0.69901	-154.6013
61.994	-0.69901	-154.23089
62.004	-0.69901	-158.5297
62.014	-0.69906	-159.46915
62.0152	-0.69904	-149.02683
62.0162	-0.69906	-159.4635
62.0262	-0.699	-159.73292
62.03	-0.69903	-149.64601
62.0314	-0.69899	-159.89795
62.0414	-0.69906	-157.50591
62.0514	-0.69901	-151.95729
62.0614	-0.69898	-156.75718
62.0714	-0.699	-158.26622
62.0814	-0.69899	-157.71793
62.0914	-0.69899	-157.60821
62.1014	-0.69904	-157.36239
62.1114	-0.69903	-157.20236
62.1214	-0.69901	-156.98338
62.1314	-0.699	-154.84547
62.1414	-0.69903	-152.2159
62.1514	-0.69904	-155.09764
62.1614	-0.69902	-155.51416
62.1714	-0.69903	-154.30543
62.1814	-0.69899	-154.6173
62.1914	-0.69899	-150.50333
62.2014	-0.69899	-154.21014
62.2114	-0.699	-156.10479
62.2214	-0.699	-155.89823
62.2314	-0.69903	-157.30903
62.2414	-0.69902	-153.85909
62.2514	-0.69901	-154.27158
62.2614	-0.69899	-155.23139
62.2714	-0.69899	-154.54421
62.2814	-0.69899	-157.15355
62.2914	-0.699	-156.51165
62.3014	-0.69899	-158.74372
62.3114	-0.69902	-156.29972
62.3214	-0.69904	-157.07674
62.3314	-0.69901	-153.0709
62.3414	-0.69902	-155.45501
62.3514	-0.69901	-156.35655
62.3614	-0.69902	-155.36462
62.3714	-0.69894	-154.14493
62.3814	-0.69902	-153.93005
62.3914	-0.69897	-155.2588
62.4014	-0.699	-155.74017
62.4114	-0.69899	-155.3832
62.4214	-0.69903	-155.82737
62.4314	-0.69901	-157.81144
62.4414	-0.69904	-157.91156
62.4514	-0.69901	-157.16689
62.4614	-0.69902	-155.34621
62.4714	-0.69899	-156.49552
62.4814	-0.699	-157.30329
62.4914	-0.69903	-158.96111
62.5014	-0.69903	-156.79632
62.5114	-0.69902	-155.39882
62.5214	-0.69903	-155.34184
62.5314	-0.699	-155.01816
62.5414	-0.69902	-157.10185
62.5514	-0.69898	-157.57824
62.5614	-0.69901	-156.22282
62.5714	-0.69899	-156.55489
62.5814	-0.69901	-155.62378
62.5914	-0.69903	-157.05128
62.6014	-0.699	-154.00201
62.6114	-0.69902	-154.60652
62.6214	-0.69898	-155.36415
62.6314	-0.69906	-157.4693
62.6414	-0.69899	-157.98851
62.6514	-0.69903	-154.79537
62.6614	-0.69899	-153.55047
62.6714	-0.699	-152.1002
62.6814	-0.699	-156.07618
62.6914	-0.699	-157.14191
62.7014	-0.69899	-156.78646
62.7114	-0.69904	-155.51299
62.7214	-0.69905	-156.71303
62.7314	-0.69901	-156.04685
62.7414	-0.69902	-154.38943
62.7514	-0.69901	-156.36417
62.7614	-0.69899	-157.02953
62.7714	-0.69899	-156.71255
62.7814	-0.69901	-156.33864
62.7914	-0.69901	-154.35235
62.8014	-0.69897	-154.601
62.8114	-0.69899	-155.01388
62.8214	-0.69901	-155.05005
62.8314	-0.69898	-155.49223
62.8414	-0.69896	-155.65621
62.8514	-0.69899	-154.604
62.8614	-0.69899	-155.94715
62.8714	-0.69901	-154.66541
62.8814	-0.699	-152.59455
62.8914	-0.69901	-155.69341
62.9014	-0.69903	-156.7817
62.9114	-0.69904	-157.65951
62.9214	-0.69906	-154.83725
62.9314	-0.69898	-156.44746
62.9414	-0.699	-156.8051
62.9514	-0.699	-157.36127
62.9614	-0.69899	-157.77209
62.9714	-0.69899	-156.19221
62.9814	-0.69898	-156.97836
62.9914	-0.69896	-155.19637
63.0014	-0.69899	-156.47346
63.0114	-0.69899	-155.43237
63.0214	-0.69901	-155.06538
63.0314	-0.69906	-156.25417
63.0414	-0.69901	-156.09318
63.0514	-0.69904	-155.61992
63.0614	-0.69897	-155.87391
63.0714	-0.69901	-155.22772
63.0814	-0.69899	-151.67657
63.0914	-0.699	-153.03404
63.1014	-0.699	-155.75564
63.1114	-0.69903	-156.57685
63.1214	-0.69899	-157.38782
63.1314	-0.699	-156.7479
63.1414	-0.69901	-156.13638
63.1514	-0.69903	-155.999
63.1614	-0.69901	-156.49441
63.1714	-0.699	-156.17745
63.1814	-0.69904	-157.76365
63.1914	-0.69899	-156.48182
63.2014	-0.69902	-158.36795
63.2114	-0.69902	-156.7753
63.2214	-0.69896	-154.88823
63.2314	-0.69903	-155.96521
63.2414	-0.69897	-155.39827
63.2514	-0.699	-158.28842
63.2614	-0.69899	-156.16678
63.2714	-0.69899	-155.42403
63.2814	-0.69896	-155.28862
63.2914	-0.69899	-157.26066
63.3014	-0.699	-154.5031
63.3114	-0.69902	-153.44598
63.3214	-0.69901	-152.57622
63.3314	-0.69898	-154.8003
63.3414	-0.69897	-154.76064
63.3514	-0.69898	-156.46955
63.3614	-0.69903	-152.64501
63.3714	-0.69902	-151.9679
63.3814	-0.69901	-156.05684
63.3914	-0.69902	-156.49083
63.4014	-0.69901	-156.07991
63.4114	-0.69901	-153.90951
63.4214	-0.69901	-154.24813
63.4314	-0.69903	-154.99636
63.4414	-0.69902	-157.95867
63.4514	-0.69904	-153.98027
63.4614	-0.69899	-155.13693
63.4714	-0.69896	-156.07023
63.4814	-0.69897	-157.39572
63.4914	-0.69899	-160.29027
63.5014	-0.69904	-157.85598
63.5114	-0.69901	-156.24168
63.5214	-0.69896	-157.07921
63.5314	-0.699	-158.37101
63.5414	-0.69902	-157.67901
63.5514	-0.699	-155.45903
63.5614	-0.69899	-159.49038
63.5714	-0.699	-155.85707
63.5814	-0.69898	-156.43519
63.5914	-0.69901	-155.29075
63.6014	-0.69901	-156.20907
63.6114	-0.69899	-160.72646
63.6214	-0.69902	-155.7235
63.6314	-0.69902	-154.05408
63.6414	-0.699	-154.83015
63.6514	-0.69903	-155.95501
63.6614	-0.69902	-155.25836
63.6714	-0.699	-154.62581
63.6814	-0.69902	-154.93967
63.6914	-0.69902	-158.22209
63.7014	-0.69894	-158.38077
63.7114	-0.69901	-154.69004
63.7214	-0.69899	-155.2396
63.7314	-0.69899	-153.72818
63.7414	-0.69897	-155.75019
63.7514	-0.699	-153.49184
63.7614	-0.69901	-152.66039
63.7714	-0.69898	-150.85359
63.7814	-0.69901	-153.03686
63.7914	-0.69899	-155.45029
63.8014	-0.69903	-155.45564
63.8114	-0.69902	-155.92512
63.8214	-0.699	-153.18328
63.8314	-0.69903	-154.71616
63.8414	-0.69902	-158.3556
63.8514	-0.69906	-157.31587
63.8614	-0.699	-159.45133
63.8714	-0.69901	-157.45346
63.8814	-0.69897	-156.33557
63.8914	-0.69903	-157.57755
63.9014	-0.69902	-158.87308
63.9114	-0.69896	-157.24383
63.9214	-0.69895	-155.90352
63.9314	-0.69901	-157.02224
63.9414	-0.69901	-157.82364
63.9514	-0.699	-156.5669
63.9614	-0.69899	-156.25821
63.9714	-0.69898	-154.94824
63.9814	-0.69899	-159.52109
63.9914	-0.69899	-158.1864
64.0014	-0.69898	-157.54125
64.0114	-0.69898	-156.58148
64.0214	-0.69905	-154.88145
64.0314	-0.699	-157.01346
64.0414	-0.69902	-155.52207
64.0514	-0.69898	-155.46928
64.0614	-0.69901	-155.5532
64.0714	-0.69901	-155.04131
64.0814	-0.69896	-154.41388
64.0914	-0.69899	-156.97853
64.1014	-0.69898	-156.82456
64.1114	-0.699	-157.33143
64.1214	-0.69899	-155.51321
64.1314	-0.69898	-154.17692
64.1414	-0.69903	-153.08169
64.1514	-0.699	-153.87739
64.1614	-0.69898	-155.47813
64.1714	-0.699	-155.6397
64.1814	-0.69903	-157.36043
64.1914	-0.69904	-154.94368
64.2014	-0.69899	-154.41736
64.2114	-0.69899	-155.8451
64.2214	-0.69899	-155.50141
64.2314	-0.699	-156.01562
64.2414	-0.69905	-155.79556
64.2514	-0.69898	-155.13952
64.2614	-0.69901	-155.53324
64.2714	-0.69903	-154.02253
64.2814	-0.69901	-156.89369
64.2914	-0.69904	-156.83842
64.3014	-0.69901	-157.30402
64.3114	-0.69897	-155.62502
64.3214	-0.69898	-151.66164
64.3314	-0.69903	-151.45164
64.3414	-0.69901	-154.12925
64.3514	-0.69898	-154.11264
64.3614	-0.69903	-156.62189
64.3714	-0.69901	-153.48741
64.3814	-0.699	-154.94759
64.3914	-0.69899	-155.13982
64.4014	-0.69901	-157.66997
64.4114	-0.69901	-156.8082
64.4214	-0.69909	-156.18835
64.4314	-0.69903	-154.82838
64.4414	-0.69896	-152.91288
64.4514	-0.69901	-157.22655
64.4614	-0.69902	-157.34584
64.4714	-0.69901	-158.85314
64.4814	-0.69901	-152.17663
64.4914	-0.69901	-153.21235
64.5014	-0.69899	-155.20207
64.5114	-0.699	-156.98545
64.5214	-0.69898	-156.00695
64.5314	-0.69899	-158.75965
64.5414	-0.69899	-154.62571
64.5514	-0.69904	-153.26603
64.5614	-0.69899	-153.79703
64.5714	-0.69898	-155.35434
64.5814	-0.69902	-156.34683
64.5914	-0.69898	-155.95342
64.6014	-0.69899	-154.17692
64.6114	-0.69898	-153.28685
64.6214	-0.69902	-153.29391
64.6314	-0.699	-157.59569
64.6414	-0.69903	-155.8449
64.6514	-0.69901	-154.92216
64.6614	-0.69898	-155.30281
64.6714	-0.69903	-156.30958
64.6814	-0.69899	-156.03467
64.6914	-0.699	-154.73515
64.7014	-0.699	-155.97546
64.7114	-0.69901	-153.51029
64.7214	-0.69901	-158.20109
64.7314	-0.69898	-156.05411
64.7414	-0.699	-155.80082
64.7514	-0.69903	-155.63664
64.7614	-0.69897	-156.56609
64.7714	-0.69898	-157.82378
64.7814	-0.69902	-155.62688
64.7914	-0.69903	-153.06931
64.8014	-0.69901	-153.95727
64.8114	-0.69896	-155.48164
64.8214	-0.69896	-158.45107
64.8314	-0.69898	-153.80643
64.8414	-0.69903	-153.11288
64.8514	-0.69899	-154.06324
64.8614	-0.69898	-154.82286
64.8714	-0.69903	-155.03042
64.8814	-0.69899	-153.40937
64.8914	-0.69903	-151.89373
64.9014	-0.69899	-152.66939
64.9114	-0.69898	-154.22216
64.9214	-0.69896	-156.25916
64.9314	-0.69902	-155.49296
64.9414	-0.69899	-154.19586
64.9514	-0.69895	-153.20384
64.9614	-0.69899	-156.81964
64.9714	-0.69902	-155.78154
64.9814	-0.69901	-155.29793
64.9914	-0.69898	-154.36542
65.0014	-0.69899	-158.44924
65.0114	-0.69899	-155.78414
65.0214	-0.69895	-156.02589
65.0314	-0.69904	-155.71868
65.0414	-0.69903	-156.54189
65.0514	-0.69899	-156.10061
65.0614	-0.69899	-158.48494
65.0714	-0.69904	-157.74195
65.0814	-0.69902	-156.42046
65.0914	-0.69901	-157.7794
65.1014	-0.69899	-155.13719
65.1114	-0.69898	-155.77211
65.1214	-0.69902	-154.59588
65.1314	-0.69901	-154.70017
65.1414	-0.69901	-155.6698
65.1514	-0.69898	-157.58432
65.1614	-0.69904	-154.27061
65.1714	-0.69897	-154.63178
65.1814	-0.699	-155.32218
65.1914	-0.69901	-159.14399
65.2014	-0.69897	-155.2087
65.2114	-0.69903	-153.17059
65.2214	-0.69897	-151.58757
65.2314	-0.69899	-153.60284
65.2414	-0.699	-154.20329
65.2514	-0.69901	-152.72539
65.2614	-0.69901	-153.17286
65.2714	-0.69902	-156.66308
65.2814	-0.69903	-156.55162
65.2914	-0.699	-153.57978
65.3014	-0.69905	-154.78938
65.3114	-0.69901	-155.38716
65.3214	-0.69903	-154.16158
65.3314	-0.69898	-155.21148
65.3414	-0.69898	-156.88323
65.3514	-0.69903	-156.55799
65.3614	-0.69898	-157.88855
65.3714	-0.69897	-154.58698
65.3814	-0.69895	-156.09105
65.3914	-0.69904	-155.07166
65.4014	-0.69903	-157.74164
65.4114	-0.69897	-153.51085
65.4214	-0.69899	-152.42253
65.4314	-0.699	-155.95222
65.4414	-0.699	-158.76054
65.4514	-0.69903	-157.17173
65.4614	-0.69898	-156.92559
65.4714	-0.69902	-155.78398
65.4814	-0.69901	-155.34219
65.4914	-0.699	-156.90186
65.5014	-0.69901	-157.44804
65.5114	-0.69903	-153.50537
65.5214	-0.69898	-155.53438
65.5314	-0.69904	-155.72786
65.5414	-0.69903	-158.02831
65.5514	-0.699	-157.57479
65.5614	-0.69901	-156.44763
65.5714	-0.69903	-156.46647
65.5814	-0.69901	-155.51646
65.5914	-0.69905	-155.73413
65.6014	-0.699	-156.28648
65.6114	-0.69896	-158.4651
65.6214	-0.69902	-158.09607
65.6314	-0.69904	-156.23412
65.6414	-0.69902	-152.39704
65.6514	-0.69902	-153.55218
65.6614	-0.699	-152.83213
65.6714	-0.69903	-155.88925
65.6814	-0.69902	-154.42376
65.6914	-0.699	-157.25577
65.7014	-0.69904	-154.52702
65.7114	-0.69899	-153.98757
65.7214	-0.69903	-156.55127
65.7314	-0.69899	-154.3193
65.7414	-0.699	-157.36131
65.7514	-0.69897	-158.68092
65.7614	-0.69902	-157.45727
65.7714	-0.69903	-155.80272
65.7814	-0.69899	-154.95485
65.7914	-0.699	-156.60306
65.8014	-0.69898	-157.44449
65.8114	-0.69897	-156.63591
65.8214	-0.69903	-156.98299
65.8314	-0.699	-155.2059
65.8414	-0.69906	-156.62795
65.8514	-0.69897	-155.60779
65.8614	-0.69904	-155.72542
65.8714	-0.69901	-153.98365
65.8814	-0.69906	-153.30103
65.8914	-0.69903	-153.61397
65.9014	-0.69903	-156.56082
65.9114	-0.699	-155.03549
65.9214	-0.69901	-157.12295
65.9314	-0.69903	-154.33655
65.9414	-0.69899	-156.36465
65.9514	-0.69904	-155.86366
65.9614	-0.69903	-154.44428
65.9714	-0.69903	-158.63746
65.9814	-0.699	-153.59913
65.9914	-0.699	-159.3241
65.993	-0.699	-148.26962
65.994	-0.699	-160.74091
65.9952	-0.69899	-150.10835
65.9964	-0.69905	-161.99976
65.9978	-0.69899	-151.68072
66.0078	-0.69901	-152.36562
66.0178	-0.69899	-161.08072
66.0212	-0.69898	-150.24274
66.0246	-0.69904	-162.31915
66.0262	-0.69906	-151.15619
66.032	-0.69899	-161.87224
66.0352	-0.69902	-151.55848
